2026-06-16T15:02:48: 
2026-06-16T15:02:48: > talktome@0.1.0 start
2026-06-16T15:02:48: > next start
2026-06-16T15:02:48: 
2026-06-16T15:02:53: ▲ Next.js 16.2.7
2026-06-16T15:02:53: - Local:         http://localhost:3011
2026-06-16T15:02:53: - Network:       http://141.95.7.170:3011
2026-06-16T15:02:53: ✓ Ready in 1767ms
2026-06-16T15:04:41: 
2026-06-16T15:04:41: > talktome@0.1.0 start
2026-06-16T15:04:41: > next start
2026-06-16T15:04:41: 
2026-06-16T15:04:42: ▲ Next.js 16.2.7
2026-06-16T15:04:42: - Local:         http://localhost:3011
2026-06-16T15:04:42: - Network:       http://141.95.7.170:3011
2026-06-16T15:04:42: ✓ Ready in 478ms
2026-06-16T15:08:21: [overpass] OK mirror=https://overpass-api.de/api/interpreter ms=583 total=590ms elements=30
2026-06-16T15:08:21: [chat/tools] search_place({"amenity":"restaurant","city":"Paris 13e"})→ok=true
2026-06-16T15:14:23: [overpass] OK mirror=https://z.overpass-api.de/api/interpreter ms=802 total=820ms elements=30
2026-06-16T15:14:23: [chat/scrubbers] markdown/name/annonce scrubbed before_len=22 after_len=4
2026-06-16T15:14:23: [chat/tools] search_place({"amenity":"restaurant","city":"Paris"})→ok=true
2026-06-20T08:56:45: 
2026-06-20T08:56:45: > talktome@0.1.0 start
2026-06-20T08:56:45: > next start
2026-06-20T08:56:45: 
2026-06-20T08:56:46: ▲ Next.js 16.2.7
2026-06-20T08:56:46: - Local:         http://localhost:3011
2026-06-20T08:56:46: - Network:       http://141.95.7.170:3011
2026-06-20T08:56:46: ✓ Ready in 469ms
2026-06-20T09:02:27: [chat/scrubbers] markdown/name/annonce scrubbed before_len=283 after_len=281
2026-06-20T09:08:29: [overpass] OK mirror=https://overpass-api.de/api/interpreter ms=776 total=784ms elements=30
2026-06-20T09:08:29: [chat/scrubbers] markdown/name/annonce scrubbed before_len=33 after_len=9
2026-06-20T09:08:29: [chat/tools] search_place({"amenity":"restaurant","city":"Paris 10e"})→ok=true
2026-06-20T09:14:29: [overpass] OK mirror=https://overpass-api.de/api/interpreter ms=532 total=539ms elements=30
2026-06-20T09:14:29: [overpass] OK mirror=https://lz4.overpass-api.de/api/interpreter ms=603 total=620ms elements=30
2026-06-20T09:14:29: [chat/tools] search_place({"amenity":"restaurant","city":"Paris Bastille"})→ok=true | search_place({"amenity":"cafe","city":"Paris Bastille"})→ok=true
2026-06-20T09:20:28: [chat/tools] get_weather({"city":"Lyon"})→ok=true
2026-06-20T09:26:25: [chat/scrubbers] markdown/name/annonce scrubbed before_len=33 after_len=9
2026-06-20T09:26:25: [chat/tools] search_web({"query":"meilleurs films d'action récents 2024 2025"})→ok=true
2026-06-20T09:32:26: [overpass] OK mirror=https://lz4.overpass-api.de/api/interpreter ms=683 total=694ms elements=30
2026-06-20T09:32:26: [chat/scrubbers] markdown/name/annonce scrubbed before_len=58 after_len=57
2026-06-20T09:32:26: [chat/tools] search_place({"amenity":"restaurant","city":"Paris Bastille"})→ok=true
2026-06-20T09:38:30: [overpass] OK mirror=https://z.overpass-api.de/api/interpreter ms=4954 total=4962ms elements=30
2026-06-20T09:38:30: [chat/scrubbers] markdown/name/annonce scrubbed before_len=22 after_len=4
2026-06-20T09:38:30: [chat/tools] search_place({"amenity":"restaurant","city":"Paris 10e"})→ok=true
2026-06-20T09:44:27: [chat/scrubbers] markdown/name/annonce scrubbed before_len=410 after_len=405
2026-06-20T09:50:26: [chat/tools] get_weather({"city":"New York"})→ok=true
2026-06-20T09:56:26: [overpass] OK mirror=https://overpass-api.de/api/interpreter ms=665 total=676ms elements=30
2026-06-20T09:56:26: [chat/tools] search_place({"amenity":"hotel","city":"Barcelone"})→ok=true
2026-06-20T10:02:26: [overpass] OK mirror=https://overpass-api.de/api/interpreter ms=809 total=814ms elements=30
2026-06-20T10:02:26: [chat/scrubbers] markdown/name/annonce scrubbed before_len=30 after_len=0
2026-06-20T10:02:26: [chat/tools] search_place({"amenity":"restaurant","city":"Paris"})→ok=true
2026-06-20T10:08:26: [chat/scrubbers] markdown/name/annonce scrubbed before_len=28 after_len=9
2026-06-20T10:08:26: [chat/tools] search_recipe({"query":"pâtes rapide 20 minutes"})→ok=true
2026-06-20T10:14:26: [chat/tools] get_weather({"city":"Paris"})→ok=true
2026-06-20T10:20:26: [overpass] OK mirror=https://z.overpass-api.de/api/interpreter ms=593 total=612ms elements=30
2026-06-20T10:20:26: [chat/scrubbers] markdown/name/annonce scrubbed before_len=58 after_len=57
2026-06-20T10:20:26: [chat/tools] search_place({"amenity":"restaurant","city":"Paris Bastille"})→ok=true
2026-06-20T10:26:26: [overpass] OK mirror=https://z.overpass-api.de/api/interpreter ms=681 total=702ms elements=30
2026-06-20T10:26:26: [chat/scrubbers] markdown/name/annonce scrubbed before_len=33 after_len=9
2026-06-20T10:26:26: [chat/tools] search_place({"amenity":"restaurant","city":"Paris 10e"})→ok=true
2026-06-20T10:32:29: [overpass] OK mirror=https://z.overpass-api.de/api/interpreter ms=711 total=722ms elements=30
2026-06-20T10:32:29: [chat/tools] search_place({"amenity":"restaurant","city":"Paris Bastille"})→ok=true
2026-06-20T10:38:25: [chat/scrubbers] markdown/name/annonce scrubbed before_len=27 after_len=9
2026-06-20T10:38:25: [chat/tools] search_youtube({"query":"chats marrants compilations"})→ok=true
2026-06-20T10:44:26: [overpass] OK mirror=https://overpass-api.de/api/interpreter ms=424 total=430ms elements=30
2026-06-20T10:44:26: [chat/tools] search_place({"amenity":"restaurant","city":"Lyon"})→ok=true
2026-06-20T10:50:26: [overpass] OK mirror=https://overpass-api.de/api/interpreter ms=633 total=647ms elements=30
2026-06-20T10:50:26: [chat/scrubbers] markdown/name/annonce scrubbed before_len=31 after_len=6
2026-06-20T10:50:26: [chat/tools] search_place({"amenity":"restaurant","city":"Paris 5e"})→ok=true
2026-06-20T10:56:26: [chat/tools] search_recipe({"query":"recette légère soir"})→ok=true
2026-06-20T11:08:26: [overpass] OK mirror=https://z.overpass-api.de/api/interpreter ms=553 total=569ms elements=30
2026-06-20T11:08:26: [chat/tools] search_place({"amenity":"hotel","city":"Barcelone"})→ok=true
2026-06-20T11:14:25: [chat/scrubbers] markdown/name/annonce scrubbed before_len=184 after_len=182
2026-06-20T11:20:26: [overpass] OK mirror=https://lz4.overpass-api.de/api/interpreter ms=877 total=903ms elements=30
2026-06-20T11:20:26: [chat/tools] search_place({"amenity":"fast_food","city":"Paris"})→ok=true
2026-06-20T11:26:30: [chat/tools] search_recipe({"query":"pâtes fromage rapide"})→ok=true
2026-06-20T11:32:27: [overpass] OK mirror=https://z.overpass-api.de/api/interpreter ms=408 total=417ms elements=30
2026-06-20T11:32:27: [chat/tools] search_place({"amenity":"restaurant","city":"Lille"})→ok=true
2026-06-20T11:38:26: [overpass] OK mirror=https://overpass-api.de/api/interpreter ms=488 total=493ms elements=30
2026-06-20T11:38:26: [chat/scrubbers] markdown/name/annonce scrubbed before_len=33 after_len=9
2026-06-20T11:38:26: [chat/tools] search_place({"amenity":"restaurant","city":"Bruxelles"})→ok=true
2026-06-20T11:44:28: [overpass] OK mirror=https://lz4.overpass-api.de/api/interpreter ms=486 total=493ms elements=30
2026-06-20T11:44:28: [chat/scrubbers] markdown/name/annonce scrubbed before_len=33 after_len=9
2026-06-20T11:44:28: [chat/tools] search_place({"amenity":"restaurant","city":"Paris Bastille"})→ok=true
2026-06-20T11:50:26: [overpass] OK mirror=https://lz4.overpass-api.de/api/interpreter ms=483 total=490ms elements=30
2026-06-20T11:50:26: [chat/tools] search_place({"amenity":"fast_food","city":"Paris 18e"})→ok=true
2026-06-20T11:56:26: [overpass] OK mirror=https://overpass-api.de/api/interpreter ms=736 total=794ms elements=30
2026-06-20T11:56:27: [chat/tools] search_place({"amenity":"restaurant","city":"Paris Bastille"})→ok=true
2026-06-20T12:02:26: [overpass] OK mirror=https://z.overpass-api.de/api/interpreter ms=1286 total=1299ms elements=30
2026-06-20T12:02:26: [chat/tools] search_place({"amenity":"hotel","city":"Paris"})→ok=true
2026-06-30T15:38:06: 
2026-06-30T15:38:06: > talktome@0.1.0 start
2026-06-30T15:38:06: > next start
2026-06-30T15:38:06: 
2026-06-30T15:38:08: 
2026-06-30T15:38:08: > talktome@0.1.0 start
2026-06-30T15:38:08: > next start
2026-06-30T15:38:08: 
2026-06-30T15:38:09: ▲ Next.js 16.2.7
2026-06-30T15:38:09: - Local:         http://localhost:3011
2026-06-30T15:38:09: - Network:       http://141.95.7.170:3011
2026-06-30T15:38:09: ✓ Ready in 831ms
2026-06-30T15:38:46: [overpass] OK mirror=https://lz4.overpass-api.de/api/interpreter ms=877 total=889ms elements=30
2026-06-30T15:38:47: [chat/tools] search_place({"amenity":"restaurant","city":"Paris"})→ok=true
2026-06-30T15:44:45: [chat/scrubbers] markdown/name/annonce scrubbed before_len=59 after_len=58
2026-06-30T15:44:45: [chat/tools] search_recipe({"query":"pâtes végétariennes rapide"})→ok=true
2026-06-30T15:50:48: [overpass] OK mirror=https://lz4.overpass-api.de/api/interpreter ms=3746 total=3752ms elements=30
2026-06-30T15:50:48: [chat/scrubbers] markdown/name/annonce scrubbed before_len=38 after_len=13
2026-06-30T15:50:48: [chat/tools] search_place({"amenity":"restaurant","city":"Bordeaux"})→ok=true
2026-06-30T16:02:47: [overpass] OK mirror=https://lz4.overpass-api.de/api/interpreter ms=2799 total=2814ms elements=30
2026-06-30T16:02:47: [chat/scrubbers] markdown/name/annonce scrubbed before_len=73 after_len=72
2026-06-30T16:02:47: [chat/tools] search_place({"amenity":"restaurant","city":"Évry-Courcouronnes"})→ok=true
2026-06-30T16:08:49: [chat/tools] search_place({"amenity":"restaurant","city":"Paris Bastille"})→ok=true
2026-06-30T16:14:45: [overpass] OK mirror=https://lz4.overpass-api.de/api/interpreter ms=668 total=680ms elements=30
2026-06-30T16:14:45: [chat/scrubbers] markdown/name/annonce scrubbed before_len=33 after_len=9
2026-06-30T16:14:45: [chat/tools] search_place({"amenity":"restaurant","city":"Paris"})→ok=true
2026-06-30T16:20:44: [chat/scrubbers] markdown/name/annonce scrubbed before_len=16 after_len=0
2026-06-30T16:20:44: [chat/tools] search_place({"amenity":"restaurant","city":"Paris"})→ok=true
2026-06-30T16:26:49: [chat/scrubbers] markdown/name/annonce scrubbed before_len=42 after_len=9
2026-06-30T16:26:49: [chat/tools] search_web({"query":"tiktok yo léa! tu peux me dégotter un bon petit re)→ok=true
2026-06-30T16:32:50: [chat/tools] search_place({"amenity":"restaurant","city":"Lyon"})→ok=true
2026-06-30T16:38:45: [chat/tools] search_recipe({"query":"pâtes rapide facile"})→ok=true
2026-06-30T16:44:45: [overpass] OK mirror=https://z.overpass-api.de/api/interpreter ms=476 total=490ms elements=30
2026-06-30T16:44:45: [chat/scrubbers] markdown/name/annonce scrubbed before_len=33 after_len=9
2026-06-30T16:44:45: [chat/tools] search_place({"amenity":"restaurant","city":"Lyon 3e"})→ok=true
2026-06-30T16:50:52: [chat/tools] search_web({"query":"site:booking.com hôtel Barcelone"})→ok=true
2026-06-30T16:56:46: [overpass] OK mirror=https://overpass-api.de/api/interpreter ms=535 total=545ms elements=30
2026-06-30T16:56:46: [chat/tools] search_place({"amenity":"fast_food","city":"Paris"})→ok=true
2026-06-30T17:02:48: [chat/tools] search_web({"query":"site:thefork.fr Léa, j'ai trop faim mais j'sais pa)→ok=true
2026-06-30T17:08:46: [overpass] OK mirror=https://z.overpass-api.de/api/interpreter ms=2316 total=2326ms elements=30
2026-06-30T17:08:46: [chat/tools] search_place({"amenity":"restaurant","city":"Lyon"})→ok=true
2026-06-30T17:14:48: [overpass] OK mirror=https://overpass-api.de/api/interpreter ms=3545 total=3556ms elements=30
2026-06-30T17:14:48: [chat/tools] search_place({"amenity":"restaurant","city":"Évry-Courcouronnes"})→ok=true
2026-06-30T17:20:49: [overpass] OK mirror=https://z.overpass-api.de/api/interpreter ms=4409 total=4431ms elements=30
2026-06-30T17:20:49: [chat/scrubbers] markdown/name/annonce scrubbed before_len=33 after_len=9
2026-06-30T17:20:49: [chat/tools] search_place({"amenity":"restaurant","city":"Bordeaux"})→ok=true
2026-06-30T17:26:46: [chat/tools] search_recipe({"query":"crème brûlée facile"})→ok=true
2026-06-30T17:32:49: [overpass] OK mirror=https://lz4.overpass-api.de/api/interpreter ms=4977 total=4987ms elements=30
2026-06-30T17:32:49: [chat/scrubbers] markdown/name/annonce scrubbed before_len=33 after_len=9
2026-06-30T17:32:49: [chat/tools] search_place({"amenity":"restaurant","city":"Bruxelles"})→ok=true
2026-06-30T17:38:44: [chat/tools] search_recipe({"query":"carbonara sans crème"})→ok=true
2026-06-30T17:44:44: [chat/scrubbers] markdown/name/annonce scrubbed before_len=155 after_len=152
2026-06-30T17:50:45: [chat/scrubbers] markdown/name/annonce scrubbed before_len=55 after_len=54
2026-06-30T17:50:45: [chat/tools] search_recipe({"query":"pâtes carbonara facile rapide"})→ok=true
2026-06-30T17:56:46: [overpass] OK mirror=https://overpass-api.de/api/interpreter ms=724 total=729ms elements=30
2026-06-30T17:56:52: [chat/scrubbers] markdown/name/annonce scrubbed before_len=149 after_len=148
2026-06-30T17:56:52: [chat/tools] search_web({"query":"site:thefork.fr Paris 3e"})→ok=true
2026-06-30T18:02:44: [chat/tools] search_recipe({"query":"pâtes rapide facile"})→ok=true
2026-06-30T18:08:44: [chat/scrubbers] markdown/name/annonce scrubbed before_len=33 after_len=9
2026-06-30T18:08:44: [chat/tools] search_web({"query":"meilleurs films d'horreur récents 2024 2025"})→ok=true
2026-06-30T18:14:45: [chat/tools] get_weather({"city":"Marseille"})→ok=true
2026-06-30T18:20:44: [chat/scrubbers] markdown/name/annonce scrubbed before_len=83 after_len=82
2026-06-30T18:26:46: [overpass] OK mirror=https://overpass-api.de/api/interpreter ms=471 total=477ms elements=30
2026-06-30T18:26:46: [chat/tools] search_place({"amenity":"restaurant","city":"Montpellier"})→ok=true
2026-06-30T18:32:51: [overpass] OK mirror=https://lz4.overpass-api.de/api/interpreter ms=2806 total=2824ms elements=30
2026-06-30T18:32:51: [chat/scrubbers] markdown/name/annonce scrubbed before_len=33 after_len=9
2026-06-30T18:32:51: [chat/tools] search_place({"amenity":"restaurant","city":"Paris 10e"})→ok=true
2026-06-30T18:38:45: [chat/scrubbers] markdown/name/annonce scrubbed before_len=27 after_len=9
2026-06-30T18:38:45: [chat/tools] search_recipe({"query":"pâtes au pesto facile rapide"})→ok=true
2026-06-30T18:44:46: [overpass] OK mirror=https://overpass-api.de/api/interpreter ms=644 total=650ms elements=30
2026-06-30T18:44:46: [chat/tools] search_place({"amenity":"hotel","city":"Tokyo"})→ok=true
2026-06-30T18:50:51: [chat/tools] search_web({"query":"site:thefork.fr Montpellier"})→ok=true
2026-06-30T18:56:45: [chat/tools] search_web({"query":"Le Canard Enchaîné restaurant réservation téléphon)→ok=true
2026-06-30T19:02:44: [chat/tools] get_weather({"city":"Tokyo"})→ok=true
2026-06-30T19:08:45: [overpass] OK mirror=https://lz4.overpass-api.de/api/interpreter ms=402 total=422ms elements=30
2026-06-30T19:08:45: [chat/tools] search_place({"amenity":"bar","city":"Grenoble"})→ok=true
2026-06-30T19:14:44: [chat/tools] search_recipe({"query":"pâtes pesto facile"})→ok=true
2026-06-30T19:20:46: [overpass] OK mirror=https://z.overpass-api.de/api/interpreter ms=1386 total=1397ms elements=30
2026-06-30T19:20:46: [chat/tools] search_place({"amenity":"restaurant","city":"Paris 11e"})→ok=true
2026-06-30T19:26:43: [chat/scrubbers] markdown/name/annonce scrubbed before_len=33 after_len=9
2026-06-30T19:26:43: [chat/tools] search_place({"amenity":"restaurant","city":"Paris 11e"})→ok=true
2026-06-30T19:32:51: [chat/scrubbers] markdown/name/annonce scrubbed before_len=33 after_len=9
2026-06-30T19:32:51: [chat/tools] search_web({"query":"site:thefork.fr Paris 10e"})→ok=true
2026-06-30T19:38:45: [overpass] OK mirror=https://lz4.overpass-api.de/api/interpreter ms=609 total=621ms elements=30
2026-06-30T19:38:45: [chat/scrubbers] markdown/name/annonce scrubbed before_len=33 after_len=9
2026-06-30T19:38:45: [chat/tools] search_place({"amenity":"restaurant","city":"Lyon"})→ok=true
2026-06-30T19:44:44: [overpass] OK mirror=https://lz4.overpass-api.de/api/interpreter ms=593 total=605ms elements=30
2026-06-30T19:44:44: [chat/scrubbers] markdown/name/annonce scrubbed before_len=33 after_len=9
2026-06-30T19:44:44: [chat/tools] search_place({"amenity":"restaurant","city":"Paris 10e"})→ok=true
2026-06-30T19:50:45: [chat/scrubbers] markdown/name/annonce scrubbed before_len=66 after_len=65
2026-06-30T19:50:45: [chat/tools] search_recipe({"query":"pâtes carbonara"})→ok=true
2026-06-30T19:56:52: [chat/tools] search_place({"amenity":"restaurant","city":"Paris"})→ok=true
2026-06-30T20:02:45: [chat/scrubbers] markdown/name/annonce scrubbed before_len=31 after_len=13
2026-06-30T20:02:45: [chat/tools] search_recipe({"query":"pâtes végétariennes rapides"})→ok=true
2026-06-30T20:08:44: [overpass] OK mirror=https://lz4.overpass-api.de/api/interpreter ms=613 total=624ms elements=30
2026-06-30T20:08:44: [chat/scrubbers] markdown/name/annonce scrubbed before_len=37 after_len=13
2026-06-30T20:08:44: [chat/tools] search_place({"amenity":"restaurant","city":"Paris"})→ok=true
2026-06-30T20:14:43: [chat/scrubbers] markdown/name/annonce scrubbed before_len=33 after_len=9
2026-06-30T20:14:43: [chat/tools] search_place({"amenity":"restaurant","city":"Paris"})→ok=true
2026-06-30T20:20:44: [overpass] OK mirror=https://z.overpass-api.de/api/interpreter ms=437 total=445ms elements=30
2026-06-30T20:20:44: [chat/tools] search_place({"amenity":"restaurant","city":"Lyon"})→ok=true
2026-06-30T20:26:45: [overpass] OK mirror=https://overpass-api.de/api/interpreter ms=678 total=682ms elements=30
2026-06-30T20:26:45: [chat/tools] search_place({"amenity":"hotel","city":"Barcelone"})→ok=true
2026-06-30T20:32:45: [overpass] OK mirror=https://overpass-api.de/api/interpreter ms=704 total=716ms elements=30
2026-06-30T20:32:45: [chat/scrubbers] markdown/name/annonce scrubbed before_len=33 after_len=9
2026-06-30T20:32:45: [chat/tools] search_place({"amenity":"restaurant","city":"Paris 10e"})→ok=true
2026-06-30T20:38:46: [chat/scrubbers] markdown/name/annonce scrubbed before_len=429 after_len=415
2026-06-30T20:44:45: [chat/scrubbers] markdown/name/annonce scrubbed before_len=135 after_len=133
2026-06-30T20:50:46: [overpass] OK mirror=https://z.overpass-api.de/api/interpreter ms=2051 total=2067ms elements=30
2026-06-30T20:50:47: [chat/scrubbers] markdown/name/annonce scrubbed before_len=33 after_len=9
2026-06-30T20:50:47: [chat/tools] search_place({"amenity":"restaurant","city":"Paris 11e"})→ok=true
2026-06-30T20:56:44: [overpass] OK mirror=https://z.overpass-api.de/api/interpreter ms=599 total=609ms elements=30
2026-06-30T20:56:45: [chat/scrubbers] markdown/name/annonce scrubbed before_len=33 after_len=9
2026-06-30T20:56:45: [chat/tools] search_place({"amenity":"restaurant","city":"Paris 10e"})→ok=true
2026-06-30T21:02:45: [chat/scrubbers] markdown/name/annonce scrubbed before_len=58 after_len=57
2026-06-30T21:02:45: [chat/tools] search_recipe({"query":"pâtes tomates rapide"})→ok=true
2026-06-30T21:08:46: [overpass] OK mirror=https://z.overpass-api.de/api/interpreter ms=1214 total=1226ms elements=30
2026-06-30T21:08:46: [chat/scrubbers] markdown/name/annonce scrubbed before_len=33 after_len=9
2026-06-30T21:08:46: [chat/tools] search_place({"amenity":"bar","city":"Paris"})→ok=true
2026-06-30T21:14:45: [chat/scrubber] forbidden phrases removed before_len=185 after_len=49
2026-06-30T21:14:45: [chat/tools] get_weather({"city":"Biarritz"})→ok=true
2026-06-30T21:20:45: [overpass] OK mirror=https://overpass-api.de/api/interpreter ms=712 total=716ms elements=30
2026-06-30T21:20:45: [chat/scrubbers] markdown/name/annonce scrubbed before_len=85 after_len=65
2026-06-30T21:20:45: [chat/tools] search_place({"amenity":"restaurant","city":"Paris"})→ok=true
2026-06-30T21:26:45: [overpass] OK mirror=https://lz4.overpass-api.de/api/interpreter ms=652 total=657ms elements=30
2026-06-30T21:26:45: [chat/tools] search_place({"amenity":"restaurant","city":"Lyon 7e"})→ok=true
2026-06-30T21:32:45: [chat/scrubbers] markdown/name/annonce scrubbed before_len=127 after_len=110
2026-06-30T21:32:45: [chat/tools] search_recipe({"query":"carbonara vraie recette sans crème"})→ok=true
2026-06-30T21:38:45: [chat/scrubbers] markdown/name/annonce scrubbed before_len=127 after_len=123
2026-06-30T21:38:45: [chat/tools] search_recipe({"query":"pâtes carbonara"})→ok=true
2026-06-30T21:44:45: [overpass] OK mirror=https://z.overpass-api.de/api/interpreter ms=595 total=599ms elements=30
2026-06-30T21:44:45: [chat/tools] search_place({"amenity":"restaurant","city":"Paris 10e"})→ok=true
2026-06-30T21:50:50: [chat/scrubbers] markdown/name/annonce scrubbed before_len=28 after_len=4
2026-06-30T21:50:50: [chat/tools] search_web({"query":"site:thefork.fr Paris Barbès"})→ok=true
2026-06-30T21:56:45: [chat/tools] search_recipe({"query":"pâtes simple rapide"})→ok=true
2026-06-30T22:02:46: [overpass] OK mirror=https://z.overpass-api.de/api/interpreter ms=843 total=854ms elements=30
2026-06-30T22:02:46: [chat/tools] search_place({"amenity":"restaurant","city":"Paris 10e"})→ok=true
2026-06-30T22:08:45: [overpass] OK mirror=https://overpass-api.de/api/interpreter ms=993 total=999ms elements=30
2026-06-30T22:08:45: [chat/tools] search_place({"amenity":"bar","city":"Paris"})→ok=true
2026-06-30T22:14:44: [chat/scrubbers] markdown/name/annonce scrubbed before_len=31 after_len=30
2026-06-30T22:14:45: [chat/tools] get_weather({"city":"Tokyo"})→ok=true
2026-06-30T22:20:44: [chat/scrubbers] markdown/name/annonce scrubbed before_len=211 after_len=209
2026-06-30T22:26:44: [chat/tools] search_web({"query":"résultats football matchs hier soir 2025"})→ok=true
2026-06-30T22:32:45: [overpass] OK mirror=https://lz4.overpass-api.de/api/interpreter ms=704 total=713ms elements=30
2026-06-30T22:32:45: [chat/scrubbers] markdown/name/annonce scrubbed before_len=17 after_len=0
2026-06-30T22:32:45: [chat/tools] search_place({"amenity":"restaurant","city":"Paris 10e"})→ok=true
2026-06-30T22:38:44: [overpass] OK mirror=https://lz4.overpass-api.de/api/interpreter ms=677 total=680ms elements=30
2026-06-30T22:38:44: [chat/tools] search_place({"amenity":"restaurant","city":"Paris"})→ok=true
2026-06-30T22:44:44: [chat/scrubbers] markdown/name/annonce scrubbed before_len=229 after_len=228
2026-06-30T22:50:44: [overpass] OK mirror=https://z.overpass-api.de/api/interpreter ms=315 total=325ms elements=6
2026-06-30T22:50:49: [chat/tools] search_place({"amenity":"fast_food","city":"Lyon Saint-Exupéry"})→ok=true | search_place({"amenity":"restaurant","city":"Lyon Saint-Exupéry"})→ok=true
2026-06-30T22:56:44: [chat/scrubbers] markdown/name/annonce scrubbed before_len=146 after_len=145
2026-06-30T22:56:44: [chat/tools] get_weather({"city":"Paris"})→ok=true
2026-06-30T23:02:46: [overpass] OK mirror=https://z.overpass-api.de/api/interpreter ms=570 total=584ms elements=30
2026-06-30T23:02:46: [chat/scrubbers] markdown/name/annonce scrubbed before_len=65 after_len=64
2026-06-30T23:02:46: [chat/tools] search_place({"amenity":"restaurant","city":"Paris Bastille"})→ok=true
2026-06-30T23:08:45: [overpass] OK mirror=https://z.overpass-api.de/api/interpreter ms=547 total=555ms elements=30
2026-06-30T23:08:45: [chat/scrubbers] markdown/name/annonce scrubbed before_len=33 after_len=9
2026-06-30T23:08:45: [chat/tools] search_place({"amenity":"restaurant","city":"Paris 10e"})→ok=true
2026-06-30T23:14:44: [overpass] OK mirror=https://z.overpass-api.de/api/interpreter ms=538 total=544ms elements=30
2026-06-30T23:14:44: [chat/scrubbers] markdown/name/annonce scrubbed before_len=28 after_len=4
2026-06-30T23:14:44: [chat/tools] search_place({"amenity":"fast_food","city":"Paris"})→ok=true
2026-06-30T23:20:45: [overpass] OK mirror=https://overpass-api.de/api/interpreter ms=325 total=330ms elements=30
2026-06-30T23:20:45: [chat/scrubbers] markdown/name/annonce scrubbed before_len=55 after_len=54
2026-06-30T23:20:45: [chat/tools] search_place({"amenity":"restaurant","city":"Lyon Part-Dieu"})→ok=true
2026-06-30T23:26:46: [chat/scrubbers] markdown/name/annonce scrubbed before_len=64 after_len=63
2026-06-30T23:26:46: [chat/tools] search_recipe({"query":"pâtes pesto"})→ok=true
2026-06-30T23:32:45: [chat/tools] search_recipe({"query":"tiramisu"})→ok=true
2026-06-30T23:38:45: [overpass] OK mirror=https://overpass-api.de/api/interpreter ms=399 total=404ms elements=30
2026-06-30T23:38:45: [chat/scrubbers] markdown/name/annonce scrubbed before_len=37 after_len=13
2026-06-30T23:38:45: [chat/tools] search_place({"amenity":"restaurant","city":"Lyon 3e"})→ok=true
2026-06-30T23:44:44: [overpass] OK mirror=https://lz4.overpass-api.de/api/interpreter ms=692 total=705ms elements=30
2026-06-30T23:44:44: [chat/tools] search_place({"amenity":"restaurant","city":"Paris"})→ok=true
2026-06-30T23:50:44: [overpass] OK mirror=https://lz4.overpass-api.de/api/interpreter ms=696 total=709ms elements=30
2026-06-30T23:50:44: [chat/scrubbers] markdown/name/annonce scrubbed before_len=33 after_len=9
2026-06-30T23:50:44: [chat/tools] search_place({"amenity":"restaurant","city":"Paris 11e"})→ok=true
2026-06-30T23:56:44: [chat/scrubbers] markdown/name/annonce scrubbed before_len=259 after_len=257
2026-07-01T00:02:45: [overpass] OK mirror=https://z.overpass-api.de/api/interpreter ms=1005 total=1009ms elements=30
2026-07-01T00:02:45: [chat/tools] search_place({"amenity":"hotel","city":"Bruxelles"})→ok=true
2026-07-01T00:08:44: [overpass] OK mirror=https://overpass-api.de/api/interpreter ms=500 total=506ms elements=30
2026-07-01T00:08:44: [chat/scrubbers] markdown/name/annonce scrubbed before_len=33 after_len=9
2026-07-01T00:08:44: [chat/tools] search_place({"amenity":"restaurant","city":"Paris"})→ok=true
2026-07-01T00:14:44: [chat/scrubbers] markdown/name/annonce scrubbed before_len=46 after_len=45
2026-07-01T00:14:44: [chat/tools] search_recipe({"query":"pâtes rapide facile"})→ok=true
2026-07-01T00:20:45: [overpass] OK mirror=https://overpass-api.de/api/interpreter ms=847 total=853ms elements=30
2026-07-01T00:20:45: [chat/scrubbers] markdown/name/annonce scrubbed before_len=33 after_len=9
2026-07-01T00:20:45: [chat/tools] search_place({"amenity":"restaurant","city":"Paris 10e"})→ok=true
2026-07-01T00:26:44: [overpass] OK mirror=https://z.overpass-api.de/api/interpreter ms=713 total=724ms elements=30
2026-07-01T00:26:44: [chat/tools] search_place({"amenity":"restaurant","city":"Paris 3e"})→ok=true
2026-07-01T00:32:44: [overpass] OK mirror=https://z.overpass-api.de/api/interpreter ms=574 total=584ms elements=30
2026-07-01T00:32:44: [chat/tools] search_place({"amenity":"restaurant","city":"Paris 14e"})→ok=true
2026-07-01T00:38:45: [overpass] OK mirror=https://z.overpass-api.de/api/interpreter ms=683 total=694ms elements=30
2026-07-01T00:38:45: [chat/tools] search_place({"amenity":"restaurant","city":"Paris Bastille"})→ok=true
2026-07-01T00:44:45: [overpass] OK mirror=https://overpass-api.de/api/interpreter ms=675 total=679ms elements=30
2026-07-01T00:44:45: [chat/scrubbers] markdown/name/annonce scrubbed before_len=23 after_len=0
2026-07-01T00:44:45: [chat/tools] search_place({"amenity":"restaurant","city":"Paris"})→ok=true
2026-07-01T00:50:44: [chat/scrubbers] markdown/name/annonce scrubbed before_len=28 after_len=9
2026-07-01T00:50:44: [chat/tools] search_recipe({"query":"pâtes carbonara facile rapide"})→ok=true
2026-07-01T00:56:45: [overpass] OK mirror=https://overpass-api.de/api/interpreter ms=326 total=331ms elements=26
2026-07-01T00:56:45: [chat/scrubbers] markdown/name/annonce scrubbed before_len=173 after_len=158
2026-07-01T00:56:45: [chat/scrubber] forbidden phrases removed before_len=158 after_len=56
2026-07-01T00:56:45: [chat/tools] search_place({"amenity":"bakery","city":"Tokyo"})→ok=true
2026-07-01T01:02:45: [overpass] OK mirror=https://z.overpass-api.de/api/interpreter ms=1464 total=1470ms elements=30
2026-07-01T01:02:45: [chat/scrubbers] markdown/name/annonce scrubbed before_len=33 after_len=9
2026-07-01T01:02:45: [chat/tools] search_place({"amenity":"restaurant","city":"Paris 10e"})→ok=true
2026-07-01T01:08:44: [overpass] OK mirror=https://overpass-api.de/api/interpreter ms=681 total=685ms elements=30
2026-07-01T01:08:44: [chat/scrubbers] markdown/name/annonce scrubbed before_len=47 after_len=46
2026-07-01T01:08:44: [chat/tools] search_place({"amenity":"restaurant","city":"Paris Bastille"})→ok=true
2026-07-01T01:14:44: [overpass] OK mirror=https://z.overpass-api.de/api/interpreter ms=553 total=560ms elements=30
2026-07-01T01:14:44: [chat/tools] search_place({"amenity":"restaurant","city":"Paris 18e"})→ok=true
2026-07-01T01:20:45: [overpass] OK mirror=https://z.overpass-api.de/api/interpreter ms=639 total=658ms elements=30
2026-07-01T01:20:45: [chat/scrubbers] markdown/name/annonce scrubbed before_len=47 after_len=22
2026-07-01T01:20:45: [chat/tools] search_place({"amenity":"restaurant","city":"Paris 11e"})→ok=true
2026-07-01T01:26:44: [chat/tools] search_web({"query":"nouveaux artistes rock indie français 2024 2025"})→ok=true
2026-07-01T01:32:44: [overpass] OK mirror=https://z.overpass-api.de/api/interpreter ms=484 total=489ms elements=30
2026-07-01T01:32:44: [chat/scrubbers] markdown/name/annonce scrubbed before_len=33 after_len=9
2026-07-01T01:32:44: [chat/tools] search_place({"amenity":"restaurant","city":"Paris Bastille"})→ok=true
2026-07-01T01:38:44: [chat/scrubbers] markdown/name/annonce scrubbed before_len=63 after_len=62
2026-07-01T01:38:44: [chat/tools] search_recipe({"query":"cookies facile rapide"})→ok=true
2026-07-01T01:44:45: [overpass] OK mirror=https://z.overpass-api.de/api/interpreter ms=977 total=994ms elements=30
2026-07-01T01:44:45: [chat/tools] search_place({"amenity":"restaurant","city":"Montpellier"})→ok=true
2026-07-01T01:50:45: [overpass] OK mirror=https://overpass-api.de/api/interpreter ms=567 total=572ms elements=30
2026-07-01T01:50:45: [chat/tools] search_place({"amenity":"hotel","city":"Lisbonne"})→ok=true
2026-07-01T01:56:45: [overpass] OK mirror=https://lz4.overpass-api.de/api/interpreter ms=602 total=612ms elements=30
2026-07-01T01:56:45: [chat/tools] search_place({"amenity":"restaurant","city":"Paris"})→ok=true
2026-07-01T02:02:43: [chat/tools] search_place({"amenity":"restaurant","city":"Paris"})→ok=true
2026-07-01T02:08:46: [overpass] OK mirror=https://z.overpass-api.de/api/interpreter ms=1669 total=1673ms elements=30
2026-07-01T02:08:46: [chat/scrubbers] markdown/name/annonce scrubbed before_len=33 after_len=9
2026-07-01T02:08:46: [chat/tools] search_place({"amenity":"restaurant","city":"Bruxelles"})→ok=true
2026-07-01T02:14:44: [overpass] OK mirror=https://overpass-api.de/api/interpreter ms=631 total=636ms elements=30
2026-07-01T02:14:44: [chat/scrubbers] markdown/name/annonce scrubbed before_len=33 after_len=9
2026-07-01T02:14:44: [chat/tools] search_place({"amenity":"restaurant","city":"Paris 11e"})→ok=true
2026-07-01T02:20:45: [overpass] OK mirror=https://z.overpass-api.de/api/interpreter ms=380 total=386ms elements=30
2026-07-01T02:20:45: [chat/scrubbers] markdown/name/annonce scrubbed before_len=31 after_len=0
2026-07-01T02:20:45: [chat/tools] search_place({"amenity":"restaurant","city":"Lille"})→ok=true
2026-07-01T02:26:46: [overpass] OK mirror=https://lz4.overpass-api.de/api/interpreter ms=1367 total=1373ms elements=30
2026-07-01T02:26:46: [chat/tools] search_place({"amenity":"hotel","city":"Amsterdam"})→ok=true
2026-07-01T02:32:44: [overpass] OK mirror=https://overpass-api.de/api/interpreter ms=671 total=685ms elements=30
2026-07-01T02:32:44: [chat/scrubbers] markdown/name/annonce scrubbed before_len=33 after_len=9
2026-07-01T02:32:44: [chat/tools] search_place({"amenity":"restaurant","city":"Lyon"})→ok=true
2026-07-01T02:38:45: [overpass] OK mirror=https://z.overpass-api.de/api/interpreter ms=838 total=848ms elements=30
2026-07-01T02:38:45: [chat/scrubbers] markdown/name/annonce scrubbed before_len=33 after_len=9
2026-07-01T02:38:45: [chat/tools] search_place({"amenity":"restaurant","city":"Paris 10e"})→ok=true
2026-07-01T02:44:44: [chat/tools] search_recipe({"query":"gratin dauphinois"})→ok=true
2026-07-01T02:50:44: [overpass] OK mirror=https://z.overpass-api.de/api/interpreter ms=616 total=625ms elements=30
2026-07-01T02:50:44: [chat/tools] search_place({"amenity":"restaurant","city":"Paris 10e"})→ok=true
2026-07-01T02:56:44: [overpass] OK mirror=https://overpass-api.de/api/interpreter ms=402 total=404ms elements=30
2026-07-01T02:56:44: [chat/scrubbers] markdown/name/annonce scrubbed before_len=72 after_len=71
2026-07-01T02:56:44: [chat/tools] search_place({"amenity":"restaurant","city":"Paris 13e"})→ok=true
2026-07-01T03:02:45: [overpass] OK mirror=https://z.overpass-api.de/api/interpreter ms=1634 total=1643ms elements=30
2026-07-01T03:02:45: [chat/tools] search_place({"amenity":"hotel","city":"Paris"})→ok=true
2026-07-01T03:08:44: [chat/tools] search_recipe({"query":"pâtes rapide pas cher"})→ok=true
2026-07-01T03:14:45: [overpass] OK mirror=https://z.overpass-api.de/api/interpreter ms=1015 total=1027ms elements=30
2026-07-01T03:14:45: [chat/tools] search_place({"amenity":"hotel","city":"Paris"})→ok=true
2026-07-01T03:20:44: [overpass] OK mirror=https://z.overpass-api.de/api/interpreter ms=349 total=355ms elements=30
2026-07-01T03:20:44: [chat/scrubbers] markdown/name/annonce scrubbed before_len=28 after_len=4
2026-07-01T03:20:44: [chat/tools] search_place({"amenity":"restaurant","city":"Montpellier"})→ok=true
2026-07-01T03:26:44: [chat/tools] search_youtube({"query":"recette pâtes carbonara facile"})→ok=true
2026-07-01T03:32:45: [overpass] OK mirror=https://z.overpass-api.de/api/interpreter ms=507 total=519ms elements=30
2026-07-01T03:32:45: [chat/scrubbers] markdown/name/annonce scrubbed before_len=31 after_len=0
2026-07-01T03:32:45: [chat/tools] search_place({"amenity":"restaurant","city":"Lyon"})→ok=true
2026-07-01T03:38:48: [chat/tools] search_recipe({"query":"poulet facile rapide"})→ok=true
2026-07-01T03:44:46: [overpass] OK mirror=https://overpass-api.de/api/interpreter ms=552 total=560ms elements=30
2026-07-01T03:44:46: [chat/tools] search_place({"amenity":"hotel","city":"Barcelone"})→ok=true
2026-07-01T03:50:45: [overpass] OK mirror=https://overpass-api.de/api/interpreter ms=758 total=763ms elements=30
2026-07-01T03:50:45: [chat/tools] search_place({"amenity":"restaurant","city":"Paris"})→ok=true
2026-07-01T03:56:45: [chat/scrubbers] markdown/name/annonce scrubbed before_len=475 after_len=473
2026-07-01T04:02:46: [product] AliExpress hit: 60 items for "vin rouge pas cher bouteille"
2026-07-01T04:02:46: [chat/tools] search_product({"query":"vin rouge pas cher bouteille"})→ok=true
2026-07-01T04:08:44: [overpass] OK mirror=https://z.overpass-api.de/api/interpreter ms=375 total=385ms elements=30
2026-07-01T04:08:44: [chat/scrubbers] markdown/name/annonce scrubbed before_len=33 after_len=9
2026-07-01T04:08:44: [chat/tools] search_place({"amenity":"bar","city":"Lyon"})→ok=true
2026-07-01T04:14:49: [chat/scrubbers] markdown/name/annonce scrubbed before_len=262 after_len=261
2026-07-01T04:14:50: [overpass] OK mirror=https://overpass-api.de/api/interpreter ms=609 total=614ms elements=30
2026-07-01T04:20:45: [chat/tools] search_recipe({"query":"pâtes pesto rapide"})→ok=true
2026-07-01T04:26:45: [overpass] OK mirror=https://z.overpass-api.de/api/interpreter ms=290 total=302ms elements=30
2026-07-01T04:26:45: [chat/tools] search_place({"amenity":"restaurant","city":"Lyon"})→ok=true
2026-07-01T04:32:45: [overpass] OK mirror=https://lz4.overpass-api.de/api/interpreter ms=651 total=655ms elements=30
2026-07-01T04:32:45: [chat/tools] search_place({"amenity":"restaurant","city":"Paris"})→ok=true
2026-07-01T04:38:46: [overpass] OK mirror=https://z.overpass-api.de/api/interpreter ms=586 total=602ms elements=30
2026-07-01T04:38:46: [chat/scrubbers] markdown/name/annonce scrubbed before_len=21 after_len=4
2026-07-01T04:38:46: [chat/tools] search_place({"amenity":"restaurant","city":"Paris Bastille"})→ok=true
2026-07-01T04:44:44: [chat/tools] get_weather({"city":"Paris"})→ok=true
2026-07-01T04:50:47: [chat/scrubbers] markdown/name/annonce scrubbed before_len=580 after_len=555
2026-07-01T04:56:45: [chat/scrubbers] markdown/name/annonce scrubbed before_len=189 after_len=188
2026-07-01T04:56:45: [chat/tools] get_weather({"city":"Paris"})→ok=true
2026-07-01T05:02:46: [overpass] OK mirror=https://lz4.overpass-api.de/api/interpreter ms=806 total=815ms elements=30
2026-07-01T05:02:46: [chat/scrubbers] markdown/name/annonce scrubbed before_len=33 after_len=9
2026-07-01T05:02:46: [chat/tools] search_place({"amenity":"restaurant","city":"Paris"})→ok=true
2026-07-01T05:08:45: [overpass] OK mirror=https://lz4.overpass-api.de/api/interpreter ms=413 total=418ms elements=30
2026-07-01T05:08:45: [chat/scrubbers] markdown/name/annonce scrubbed before_len=33 after_len=9
2026-07-01T05:08:45: [chat/tools] search_place({"amenity":"restaurant","city":"Lyon"})→ok=true
2026-07-01T05:14:47: [overpass] OK mirror=https://overpass-api.de/api/interpreter ms=2631 total=2641ms elements=30
2026-07-01T05:14:47: [chat/tools] search_place({"amenity":"restaurant","city":"Paris"})→ok=true
2026-07-01T05:20:44: [chat/scrubbers] markdown/name/annonce scrubbed before_len=72 after_len=71
2026-07-01T05:20:44: [chat/tools] search_place({"amenity":"restaurant","city":"Paris"})→ok=true
2026-07-01T05:26:44: [chat/scrubbers] markdown/name/annonce scrubbed before_len=50 after_len=0
2026-07-01T05:26:44: [chat/tools] search_music({"query":"rain rainy chill upbeat"})→ok=true
2026-07-01T05:32:44: [chat/scrubbers] markdown/name/annonce scrubbed before_len=40 after_len=9
2026-07-01T05:32:44: [chat/tools] search_recipe({"query":"pâtes crémeuse facile"})→ok=true
2026-07-01T05:38:51: [chat/tools] search_web({"query":"site:thefork.fr Paris 10e"})→ok=true
2026-07-01T05:44:50: [chat/scrubbers] markdown/name/annonce scrubbed before_len=33 after_len=9
2026-07-01T05:44:50: [chat/tools] search_web({"query":"site:thefork.fr Paris Bastille"})→ok=true
2026-07-01T05:50:44: [overpass] OK mirror=https://overpass-api.de/api/interpreter ms=604 total=610ms elements=30
2026-07-01T05:50:45: [chat/scrubbers] markdown/name/annonce scrubbed before_len=33 after_len=9
2026-07-01T05:50:45: [chat/tools] search_place({"amenity":"restaurant","city":"Paris 11e"})→ok=true
2026-07-01T05:56:44: [chat/tools] get_weather({"city":"Paris"})→ok=true
2026-07-01T06:02:46: [overpass] OK mirror=https://lz4.overpass-api.de/api/interpreter ms=2115 total=2124ms elements=30
2026-07-01T06:02:46: [chat/tools] search_place({"amenity":"restaurant","city":"Paris Bastille"})→ok=true
2026-07-01T06:08:46: [overpass] OK mirror=https://z.overpass-api.de/api/interpreter ms=976 total=988ms elements=30
2026-07-01T06:08:46: [chat/scrubbers] markdown/name/annonce scrubbed before_len=28 after_len=4
2026-07-01T06:08:46: [chat/tools] search_place({"amenity":"restaurant","city":"Paris Opéra"})→ok=true
2026-07-01T06:14:45: [chat/tools] search_recipe({"query":"pâtes sauce tomate ail basilic"})→ok=true
2026-07-01T06:20:45: [overpass] OK mirror=https://overpass-api.de/api/interpreter ms=329 total=343ms elements=29
2026-07-01T06:20:45: [chat/tools] search_place({"amenity":"fast_food","city":"Évry-Courcouronnes"})→ok=true
2026-07-01T06:26:45: [overpass] OK mirror=https://z.overpass-api.de/api/interpreter ms=354 total=371ms elements=30
2026-07-01T06:26:45: [chat/tools] search_place({"amenity":"hotel","city":"Nice"})→ok=true
2026-07-01T06:32:46: [chat/tools] search_recipe({"query":"pâtes carbonara sans crème"})→ok=true
2026-07-01T06:38:45: [overpass] OK mirror=https://overpass-api.de/api/interpreter ms=647 total=658ms elements=30
2026-07-01T06:38:45: [chat/tools] search_place({"amenity":"restaurant","city":"Paris Bastille"})→ok=true
2026-07-01T06:44:46: [overpass] OK mirror=https://overpass-api.de/api/interpreter ms=700 total=704ms elements=30
2026-07-01T06:44:46: [chat/tools] search_place({"amenity":"restaurant","city":"Paris Gare de Lyon"})→ok=true
2026-07-01T06:50:44: [chat/scrubbers] markdown/name/annonce scrubbed before_len=115 after_len=114
2026-07-01T06:56:45: [overpass] OK mirror=https://overpass-api.de/api/interpreter ms=561 total=570ms elements=30
2026-07-01T06:56:45: [chat/tools] search_place({"amenity":"restaurant","city":"Paris Bastille"})→ok=true
2026-07-01T07:02:46: [overpass] OK mirror=https://overpass-api.de/api/interpreter ms=1787 total=1846ms elements=30
2026-07-01T07:02:46: [chat/scrubbers] markdown/name/annonce scrubbed before_len=33 after_len=9
2026-07-01T07:02:46: [chat/tools] search_place({"amenity":"restaurant","city":"Marseille"})→ok=true
2026-07-01T07:08:45: [overpass] OK mirror=https://lz4.overpass-api.de/api/interpreter ms=631 total=660ms elements=30
2026-07-01T07:08:45: [chat/tools] search_place({"amenity":"restaurant","city":"Paris 11e"})→ok=true
2026-07-01T07:14:45: [overpass] OK mirror=https://z.overpass-api.de/api/interpreter ms=740 total=781ms elements=30
2026-07-01T07:14:45: [chat/tools] search_place({"amenity":"restaurant","city":"Paris"})→ok=true
2026-07-01T07:20:46: [overpass] OK mirror=https://overpass-api.de/api/interpreter ms=677 total=689ms elements=30
2026-07-01T07:20:46: [overpass] OK mirror=https://overpass-api.de/api/interpreter ms=934 total=1105ms elements=30
2026-07-01T07:20:47: [chat/tools] search_place({"amenity":"restaurant","city":"Paris 11e"})→ok=true | search_place({"amenity":"fast_food","city":"Paris 11e"})→ok=true
2026-07-01T07:26:46: [overpass] OK mirror=https://lz4.overpass-api.de/api/interpreter ms=1531 total=1537ms elements=30
2026-07-01T07:26:46: [chat/tools] search_place({"amenity":"restaurant","city":"Paris 3e"})→ok=true
2026-07-01T07:32:50: [chat/scrubbers] markdown/name/annonce scrubbed before_len=69 after_len=68
2026-07-01T07:32:50: [chat/tools] search_place({"amenity":"restaurant","city":"Lyon Guillotière"})→ok=true
2026-07-01T07:38:45: [overpass] OK mirror=https://overpass-api.de/api/interpreter ms=678 total=680ms elements=30
2026-07-01T07:38:45: [chat/tools] search_place({"amenity":"restaurant","city":"Paris 10e"})→ok=true
2026-07-01T07:44:45: [chat/tools] search_recipe({"query":"carbonara facile"})→ok=true
2026-07-01T07:50:44: [chat/scrubbers] markdown/name/annonce scrubbed before_len=57 after_len=56
2026-07-01T07:50:44: [chat/tools] search_recipe({"query":"recette végétarienne rapide"})→ok=true
2026-07-01T07:56:45: [overpass] OK mirror=https://lz4.overpass-api.de/api/interpreter ms=713 total=725ms elements=30
2026-07-01T07:56:45: [chat/tools] search_place({"amenity":"restaurant","city":"Paris Bastille"})→ok=true
2026-07-01T08:02:49: [overpass] OK mirror=https://z.overpass-api.de/api/interpreter ms=4792 total=4803ms elements=30
2026-07-01T08:02:49: [chat/tools] search_place({"amenity":"hotel","city":"Paris"})→ok=true
2026-07-01T08:08:44: [overpass] OK mirror=https://z.overpass-api.de/api/interpreter ms=517 total=526ms elements=30
2026-07-01T08:08:44: [chat/scrubbers] markdown/name/annonce scrubbed before_len=33 after_len=9
2026-07-01T08:08:44: [chat/tools] search_place({"amenity":"restaurant","city":"Paris Bastille"})→ok=true
2026-07-01T08:14:45: [overpass] OK mirror=https://z.overpass-api.de/api/interpreter ms=577 total=595ms elements=30
2026-07-01T08:14:45: [chat/scrubbers] markdown/name/annonce scrubbed before_len=33 after_len=9
2026-07-01T08:14:45: [chat/tools] search_place({"amenity":"hotel","city":"Barcelone"})→ok=true
2026-07-01T08:20:47: [overpass] OK mirror=https://z.overpass-api.de/api/interpreter ms=1565 total=1574ms elements=30
2026-07-01T08:20:47: [chat/scrubbers] markdown/name/annonce scrubbed before_len=34 after_len=9
2026-07-01T08:20:47: [chat/tools] search_place({"amenity":"restaurant","city":"Paris"})→ok=true
2026-07-01T08:26:45: [overpass] OK mirror=https://overpass-api.de/api/interpreter ms=909 total=913ms elements=30
2026-07-01T08:26:45: [chat/tools] search_place({"amenity":"restaurant","city":"Paris 11e"})→ok=true
2026-07-01T08:32:44: [chat/tools] search_youtube({"query":"l'IA trop nulle en 20"})→ok=true
2026-07-01T08:38:49: [chat/tools] search_place({"amenity":"restaurant","city":"Paris"})→ok=true
2026-07-01T08:44:46: [overpass] OK mirror=https://z.overpass-api.de/api/interpreter ms=684 total=728ms elements=30
2026-07-01T08:44:47: [chat/scrubbers] markdown/name/annonce scrubbed before_len=51 after_len=50
2026-07-01T08:44:47: [chat/tools] search_place({"amenity":"restaurant","city":"Paris 10e"})→ok=true
2026-07-01T08:50:45: [overpass] OK mirror=https://lz4.overpass-api.de/api/interpreter ms=401 total=413ms elements=30
2026-07-01T08:50:45: [chat/tools] search_place({"amenity":"restaurant","city":"Montpellier"})→ok=true
2026-07-01T08:56:46: [overpass] OK mirror=https://z.overpass-api.de/api/interpreter ms=466 total=477ms elements=30
2026-07-01T08:56:46: [chat/tools] search_place({"amenity":"hotel","city":"London Soho"})→ok=true
2026-07-01T09:02:48: [chat/scrubbers] markdown/name/annonce scrubbed before_len=27 after_len=9
2026-07-01T09:02:48: [chat/tools] search_music({"query":"motivation rap sport"})→ok=true
2026-07-01T09:08:46: [chat/tools] get_weather({"city":"Tokyo"})→ok=true
2026-07-01T09:20:48: [overpass] OK mirror=https://z.overpass-api.de/api/interpreter ms=1706 total=1717ms elements=30
2026-07-01T09:20:48: [chat/tools] search_place({"amenity":"hotel","city":"Barcelone"})→ok=true
2026-07-01T09:26:47: [overpass] OK mirror=https://overpass-api.de/api/interpreter ms=2481 total=2486ms elements=30
2026-07-01T09:26:47: [chat/tools] search_place({"amenity":"hotel","city":"Paris"})→ok=true
2026-07-01T09:32:44: [chat/scrubbers] markdown/name/annonce scrubbed before_len=46 after_len=45
2026-07-01T09:32:44: [chat/tools] search_place({"amenity":"hotel","city":"Paris"})→ok=true
2026-07-01T09:38:44: [chat/scrubbers] markdown/name/annonce scrubbed before_len=27 after_len=26
2026-07-01T09:38:44: [chat/tools] search_youtube({"query":"chats drôles vidéos humour"})→ok=true
2026-07-01T09:44:45: [chat/tools] get_weather({"city":"Biarritz"})→ok=true
2026-07-01T09:50:51: [chat/scrubbers] markdown/name/annonce scrubbed before_len=33 after_len=9
2026-07-01T09:50:51: [chat/tools] search_web({"query":"site:thefork.fr Paris 2ème"})→ok=true
2026-07-01T09:56:45: [overpass] OK mirror=https://overpass-api.de/api/interpreter ms=597 total=602ms elements=30
2026-07-01T09:56:45: [chat/scrubbers] markdown/name/annonce scrubbed before_len=31 after_len=0
2026-07-01T09:56:45: [chat/tools] search_place({"amenity":"restaurant","city":"Paris"})→ok=true
2026-07-01T10:02:45: [chat/tools] search_recipe({"query":"pâtes tomates basilic simple"})→ok=true
2026-07-01T10:08:44: [chat/tools] get_weather({"city":"Évry"})→ok=true
2026-07-01T10:14:46: [overpass] OK mirror=https://z.overpass-api.de/api/interpreter ms=411 total=424ms elements=5
2026-07-01T10:14:46: [chat/scrubbers] markdown/name/annonce scrubbed before_len=28 after_len=4
2026-07-01T10:14:46: [chat/tools] search_place({"amenity":"restaurant","city":"Lyon 7"})→ok=true
2026-07-01T10:20:45: [chat/tools] search_recipe({"query":"pâtes pesto rapide"})→ok=true
2026-07-01T10:26:45: [overpass] OK mirror=https://lz4.overpass-api.de/api/interpreter ms=745 total=760ms elements=30
2026-07-01T10:26:46: [chat/tools] search_place({"amenity":"restaurant","city":"Paris 11e"})→ok=true
2026-07-01T10:32:46: [overpass] OK mirror=https://overpass-api.de/api/interpreter ms=479 total=488ms elements=30
2026-07-01T10:32:46: [chat/scrubbers] markdown/name/annonce scrubbed before_len=34 after_len=33
2026-07-01T10:32:46: [chat/tools] search_place({"amenity":"restaurant","city":"Lyon 6e"})→ok=true
2026-07-01T10:38:46: [chat/scrubbers] markdown/name/annonce scrubbed before_len=89 after_len=88
2026-07-01T10:38:46: [chat/tools] search_recipe({"query":"gratin dauphinois rapide"})→ok=true
2026-07-01T10:44:50: [overpass] OK mirror=https://overpass-api.de/api/interpreter ms=4879 total=4889ms elements=30
2026-07-01T10:44:50: [chat/scrubbers] markdown/name/annonce scrubbed before_len=33 after_len=9
2026-07-01T10:44:50: [chat/tools] search_place({"amenity":"restaurant","city":"Lyon"})→ok=true
2026-07-01T10:50:45: [chat/scrubbers] markdown/name/annonce scrubbed before_len=49 after_len=48
2026-07-01T10:50:45: [chat/tools] search_youtube({"query":"chats drôles humour"})→ok=true
2026-07-01T10:56:46: [overpass] OK mirror=https://overpass-api.de/api/interpreter ms=1143 total=1149ms elements=30
2026-07-01T10:56:46: [chat/scrubbers] markdown/name/annonce scrubbed before_len=33 after_len=9
2026-07-01T10:56:46: [chat/tools] search_place({"amenity":"restaurant","city":"Paris"})→ok=true
2026-07-01T11:02:45: [chat/tools] get_weather({"city":"Paris"})→ok=true | search_place({"amenity":"restaurant","city":"Paris"})→ok=true
2026-07-01T11:08:45: [overpass] OK mirror=https://lz4.overpass-api.de/api/interpreter ms=636 total=644ms elements=30
2026-07-01T11:08:45: [chat/tools] search_place({"amenity":"restaurant","city":"Nice"})→ok=true
2026-07-01T11:14:44: [chat/scrubbers] markdown/name/annonce scrubbed before_len=137 after_len=136
2026-07-01T11:20:46: [overpass] OK mirror=https://overpass-api.de/api/interpreter ms=879 total=881ms elements=30
2026-07-01T11:20:46: [chat/tools] search_place({"amenity":"restaurant","city":"Paris 10e"})→ok=true
2026-07-01T11:26:45: [chat/tools] search_recipe({"query":"pâtes crémeuses aux champignons"})→ok=true
2026-07-01T11:32:44: [chat/scrubbers] markdown/name/annonce scrubbed before_len=100 after_len=99
2026-07-01T11:38:47: [overpass] OK mirror=https://z.overpass-api.de/api/interpreter ms=1541 total=1545ms elements=30
2026-07-01T11:38:47: [chat/tools] search_place({"amenity":"restaurant","city":"Paris Bastille"})→ok=true
2026-07-01T11:44:45: [overpass] OK mirror=https://overpass-api.de/api/interpreter ms=738 total=743ms elements=30
2026-07-01T11:44:45: [chat/tools] search_place({"amenity":"fast_food","city":"Paris"})→ok=true
2026-07-01T11:50:44: [chat/scrubbers] markdown/name/annonce scrubbed before_len=44 after_len=43
2026-07-01T11:50:44: [chat/tools] get_weather({"city":"Paris"})→ok=true
2026-07-01T11:56:47: [overpass] OK mirror=https://overpass-api.de/api/interpreter ms=579 total=585ms elements=30
2026-07-01T11:56:47: [chat/scrubbers] markdown/name/annonce scrubbed before_len=33 after_len=9
2026-07-01T11:56:47: [chat/tools] search_place({"amenity":"restaurant","city":"Paris 11e"})→ok=true
2026-07-01T12:02:46: [overpass] OK mirror=https://lz4.overpass-api.de/api/interpreter ms=795 total=802ms elements=30
2026-07-01T12:02:46: [chat/scrubbers] markdown/name/annonce scrubbed before_len=33 after_len=9
2026-07-01T12:02:46: [chat/tools] search_place({"amenity":"restaurant","city":"Paris 18e"})→ok=true
2026-07-01T12:08:45: [overpass] OK mirror=https://lz4.overpass-api.de/api/interpreter ms=545 total=551ms elements=30
2026-07-01T12:08:45: [chat/scrubbers] markdown/name/annonce scrubbed before_len=33 after_len=9
2026-07-01T12:08:45: [chat/tools] search_place({"amenity":"restaurant","city":"Lyon"})→ok=true
2026-07-01T12:14:46: [chat/scrubbers] markdown/name/annonce scrubbed before_len=59 after_len=58
2026-07-01T12:14:46: [chat/tools] search_recipe({"query":"poulet pâtes légères rapide"})→ok=true
2026-07-01T12:20:47: [chat/scrubbers] markdown/name/annonce scrubbed before_len=307 after_len=306
2026-07-01T12:26:44: [chat/tools] search_recipe({"query":"pâtes carbonara"})→ok=true
2026-07-01T12:32:46: [overpass] OK mirror=https://z.overpass-api.de/api/interpreter ms=901 total=912ms elements=30
2026-07-01T12:32:46: [chat/scrubbers] markdown/name/annonce scrubbed before_len=56 after_len=55
2026-07-01T12:32:46: [chat/tools] search_place({"amenity":"restaurant","city":"Paris Bastille"})→ok=true
2026-07-01T12:38:44: [chat/tools] get_weather({"city":"Marseille"})→ok=true
2026-07-01T12:44:46: [chat/scrubbers] markdown/name/annonce scrubbed before_len=93 after_len=92
2026-07-01T12:44:46: [chat/tools] search_recipe({"query":"pâtes rapide sans lactose"})→ok=true | search_web({"query":"meilleurs films action 2024 2025 récents"})→ok=true
2026-07-01T12:50:46: [overpass] OK mirror=https://z.overpass-api.de/api/interpreter ms=1443 total=1457ms elements=30
2026-07-01T12:50:46: [chat/scrubbers] markdown/name/annonce scrubbed before_len=33 after_len=9
2026-07-01T12:50:46: [chat/tools] search_place({"amenity":"restaurant","city":"Paris Bastille"})→ok=true
2026-07-01T12:56:45: [overpass] OK mirror=https://z.overpass-api.de/api/interpreter ms=498 total=510ms elements=30
2026-07-01T12:56:45: [chat/tools] search_place({"amenity":"restaurant","city":"Lyon"})→ok=true
2026-07-01T13:02:45: [overpass] OK mirror=https://lz4.overpass-api.de/api/interpreter ms=727 total=737ms elements=30
2026-07-01T13:02:45: [chat/scrubbers] markdown/name/annonce scrubbed before_len=78 after_len=77
2026-07-01T13:02:45: [chat/tools] search_place({"amenity":"restaurant","city":"Paris 13e"})→ok=true
2026-07-01T13:08:51: [chat/scrubbers] markdown/name/annonce scrubbed before_len=33 after_len=9
2026-07-01T13:08:51: [chat/tools] search_web({"query":"site:thefork.fr Paris 10e"})→ok=true
2026-07-01T13:14:46: [overpass] OK mirror=https://z.overpass-api.de/api/interpreter ms=790 total=799ms elements=30
2026-07-01T13:14:46: [chat/scrubbers] markdown/name/annonce scrubbed before_len=28 after_len=13
2026-07-01T13:14:46: [chat/tools] search_place({"amenity":"restaurant","city":"Paris"})→ok=true
2026-07-01T13:20:45: [chat/tools] search_recipe({"query":"pâtes rapide 10 minutes"})→ok=true
2026-07-01T13:26:45: [chat/scrubbers] markdown/name/annonce scrubbed before_len=64 after_len=63
2026-07-01T13:26:45: [chat/tools] search_recipe({"query":"pancakes facile"})→ok=true
2026-07-01T13:32:51: [chat/scrubbers] markdown/name/annonce scrubbed before_len=49 after_len=48
2026-07-01T13:32:51: [chat/tools] search_web({"query":"site:thefork.fr Paris"})→ok=true
2026-07-01T13:38:52: [chat/scrubbers] markdown/name/annonce scrubbed before_len=152 after_len=151
2026-07-01T13:38:52: [chat/tools] search_place({"amenity":"bar","city":"Paris 10e"})→ok=true
2026-07-01T13:44:46: [overpass] OK mirror=https://overpass-api.de/api/interpreter ms=1119 total=1124ms elements=30
2026-07-01T13:44:47: [chat/scrubbers] markdown/name/annonce scrubbed before_len=51 after_len=34
2026-07-01T13:44:47: [chat/tools] search_place({"amenity":"restaurant","city":"Lyon 5e"})→ok=true
2026-07-01T13:50:45: [chat/scrubbers] markdown/name/annonce scrubbed before_len=30 after_len=13
2026-07-01T13:50:45: [chat/tools] search_recipe({"query":"cookies peu sucrés simples"})→ok=true
2026-07-01T13:56:46: [overpass] OK mirror=https://overpass-api.de/api/interpreter ms=708 total=717ms elements=30
2026-07-01T13:56:46: [chat/tools] search_place({"amenity":"restaurant","city":"Paris Bastille"})→ok=true
2026-07-01T14:02:45: [overpass] OK mirror=https://lz4.overpass-api.de/api/interpreter ms=431 total=441ms elements=30
2026-07-01T14:02:45: [chat/scrubbers] markdown/name/annonce scrubbed before_len=34 after_len=9
2026-07-01T14:02:45: [chat/tools] search_place({"amenity":"restaurant","city":"Montpellier"})→ok=true
2026-07-01T14:08:50: [chat/scrubbers] markdown/name/annonce scrubbed before_len=33 after_len=9
2026-07-01T14:08:50: [chat/tools] search_web({"query":"site:thefork.fr Bordeaux"})→ok=true
2026-07-01T14:14:46: [overpass] OK mirror=https://z.overpass-api.de/api/interpreter ms=813 total=829ms elements=30
2026-07-01T14:14:46: [chat/scrubbers] markdown/name/annonce scrubbed before_len=37 after_len=13
2026-07-01T14:14:46: [chat/tools] search_place({"amenity":"restaurant","city":"Paris République"})→ok=true
2026-07-01T14:20:50: [chat/scrubbers] markdown/name/annonce scrubbed before_len=33 after_len=9
2026-07-01T14:20:50: [chat/tools] search_web({"query":"site:thefork.fr Paris"})→ok=true
2026-07-01T14:26:47: [overpass] OK mirror=https://z.overpass-api.de/api/interpreter ms=2030 total=2042ms elements=30
2026-07-01T14:26:47: [chat/tools] search_place({"amenity":"hotel","city":"Amsterdam"})→ok=true
2026-07-01T14:32:46: [overpass] OK mirror=https://overpass-api.de/api/interpreter ms=1045 total=1050ms elements=30
2026-07-01T14:32:46: [chat/scrubbers] markdown/name/annonce scrubbed before_len=33 after_len=9
2026-07-01T14:32:46: [chat/tools] search_place({"amenity":"restaurant","city":"Paris 14e"})→ok=true
2026-07-01T14:38:46: [overpass] OK mirror=https://lz4.overpass-api.de/api/interpreter ms=938 total=948ms elements=30
2026-07-01T14:38:46: [chat/tools] search_place({"amenity":"restaurant","city":"Paris"})→ok=true
2026-07-01T14:44:45: [chat/tools] get_weather({"city":"Paris"})→ok=true
2026-07-01T14:50:48: [overpass] OK mirror=https://lz4.overpass-api.de/api/interpreter ms=2209 total=2220ms elements=30
2026-07-01T14:50:48: [chat/tools] search_place({"amenity":"restaurant","city":"Shinjuku Tokyo"})→ok=true | get_weather({"city":"Tokyo"})→ok=true
2026-07-01T14:56:45: [chat/tools] search_recipe({"query":"pâtes rapide saine"})→ok=true
2026-07-01T15:02:47: [overpass] OK mirror=https://overpass-api.de/api/interpreter ms=887 total=890ms elements=30
2026-07-01T15:02:47: [chat/scrubbers] markdown/name/annonce scrubbed before_len=32 after_len=0
2026-07-01T15:02:47: [chat/tools] search_place({"amenity":"restaurant","city":"Montpellier"})→ok=true
2026-07-01T15:08:48: [overpass] OK mirror=https://z.overpass-api.de/api/interpreter ms=3655 total=3668ms elements=30
2026-07-01T15:08:48: [chat/tools] search_place({"amenity":"hotel","city":"Barcelone"})→ok=true
2026-07-01T15:14:47: [chat/tools] search_web({"query":"site:booking.com hôtel yo léa, j'arrive pas à dorm)→ok=true
2026-07-01T15:20:46: [overpass] OK mirror=https://z.overpass-api.de/api/interpreter ms=854 total=883ms elements=30
2026-07-01T15:20:46: [chat/scrubbers] markdown/name/annonce scrubbed before_len=17 after_len=0
2026-07-01T15:20:46: [chat/tools] search_place({"amenity":"restaurant","city":"Paris"})→ok=true
2026-07-01T15:26:45: [overpass] OK mirror=https://overpass-api.de/api/interpreter ms=680 total=684ms elements=30
2026-07-01T15:26:45: [chat/scrubbers] markdown/name/annonce scrubbed before_len=34 after_len=33
2026-07-01T15:26:45: [chat/tools] search_place({"amenity":"restaurant","city":"Paris 11e"})→ok=true
2026-07-01T15:32:48: [chat/tools] search_place({"amenity":"restaurant","city":"Paris 11e"})→ok=true
2026-07-01T15:38:51: [chat/tools] search_web({"query":"site:thefork.fr Paris 11e"})→ok=true
2026-07-01T15:44:45: [overpass] OK mirror=https://overpass-api.de/api/interpreter ms=532 total=536ms elements=30
2026-07-01T15:44:45: [chat/scrubbers] markdown/name/annonce scrubbed before_len=37 after_len=13
2026-07-01T15:44:45: [chat/tools] search_place({"amenity":"restaurant","city":"Montpellier"})→ok=true
2026-07-01T15:50:48: [overpass] OK mirror=https://z.overpass-api.de/api/interpreter ms=2771 total=2782ms elements=30
2026-07-01T15:50:48: [chat/tools] search_place({"amenity":"restaurant","city":"Paris 6e"})→ok=true
2026-07-01T15:56:46: [overpass] OK mirror=https://z.overpass-api.de/api/interpreter ms=1706 total=1726ms elements=30
2026-07-01T15:56:46: [chat/tools] search_place({"amenity":"restaurant","city":"Paris 11e"})→ok=true
2026-07-01T16:02:48: [overpass] OK mirror=https://lz4.overpass-api.de/api/interpreter ms=919 total=930ms elements=30
2026-07-01T16:02:48: [chat/scrubbers] markdown/name/annonce scrubbed before_len=27 after_len=26
2026-07-01T16:02:48: [chat/tools] search_place({"amenity":"restaurant","city":"Montmartre Paris"})→ok=true
2026-07-01T16:08:44: [chat/tools] search_place({"amenity":"restaurant","city":""})→ok=true
2026-07-01T16:14:45: [chat/tools] get_weather({"city":"Bali"})→ok=true
2026-07-01T16:20:45: [overpass] OK mirror=https://overpass-api.de/api/interpreter ms=786 total=788ms elements=30
2026-07-01T16:20:45: [chat/scrubbers] markdown/name/annonce scrubbed before_len=37 after_len=13
2026-07-01T16:20:45: [chat/tools] search_place({"amenity":"restaurant","city":"Paris 10e"})→ok=true
2026-07-01T16:26:50: [chat/scrubbers] markdown/name/annonce scrubbed before_len=62 after_len=61
2026-07-01T16:26:50: [chat/tools] search_place({"amenity":"fast_food","city":"Paris 11e"})→ok=true
2026-07-01T16:32:50: [chat/tools] search_web({"query":"site:thefork.fr Paris 11e"})→ok=true
2026-07-01T16:38:45: [chat/scrubbers] markdown/name/annonce scrubbed before_len=241 after_len=238
2026-07-01T16:44:46: [overpass] OK mirror=https://overpass-api.de/api/interpreter ms=651 total=668ms elements=30
2026-07-01T16:44:46: [chat/scrubbers] markdown/name/annonce scrubbed before_len=33 after_len=9
2026-07-01T16:44:46: [chat/tools] search_place({"amenity":"restaurant","city":"Paris"})→ok=true
2026-07-01T16:50:45: [overpass] OK mirror=https://lz4.overpass-api.de/api/interpreter ms=1013 total=1019ms elements=30
2026-07-01T16:50:45: [chat/scrubbers] markdown/name/annonce scrubbed before_len=28 after_len=4
2026-07-01T16:50:45: [chat/tools] search_place({"amenity":"restaurant","city":"Montpellier"})→ok=true
2026-07-01T16:56:46: [overpass] OK mirror=https://lz4.overpass-api.de/api/interpreter ms=862 total=877ms elements=30
2026-07-01T16:56:46: [chat/tools] search_place({"amenity":"restaurant","city":"Paris Opéra"})→ok=true
2026-07-01T17:02:44: [chat/tools] get_weather({"city":"Paris"})→ok=true
2026-07-01T17:08:45: [overpass] OK mirror=https://lz4.overpass-api.de/api/interpreter ms=640 total=646ms elements=30
2026-07-01T17:08:45: [chat/tools] search_place({"amenity":"bar","city":"Paris"})→ok=true
2026-07-01T17:14:45: [chat/scrubbers] markdown/name/annonce scrubbed before_len=60 after_len=59
2026-07-01T17:14:45: [chat/tools] search_recipe({"query":"pâtes tomates fromage rapide"})→ok=true
2026-07-01T17:20:44: [chat/scrubbers] markdown/name/annonce scrubbed before_len=119 after_len=101
2026-07-01T17:26:45: [overpass] OK mirror=https://z.overpass-api.de/api/interpreter ms=742 total=759ms elements=30
2026-07-01T17:26:45: [chat/tools] search_place({"amenity":"hotel","city":"Barcelone"})→ok=true
2026-07-01T17:32:45: [chat/tools] search_recipe({"query":"pâtes crémeuses rapide"})→ok=true
2026-07-01T17:38:45: [chat/scrubbers] markdown/name/annonce scrubbed before_len=182 after_len=178
2026-07-01T17:44:45: [overpass] OK mirror=https://lz4.overpass-api.de/api/interpreter ms=795 total=808ms elements=30
2026-07-01T17:44:45: [chat/scrubbers] markdown/name/annonce scrubbed before_len=33 after_len=9
2026-07-01T17:44:45: [chat/tools] search_place({"amenity":"restaurant","city":"Paris 10e"})→ok=true
2026-07-01T17:50:45: [chat/tools] get_weather({"city":"Paris"})→ok=true
2026-07-01T17:56:46: [overpass] OK mirror=https://overpass-api.de/api/interpreter ms=692 total=694ms elements=30
2026-07-01T17:56:46: [chat/scrubbers] markdown/name/annonce scrubbed before_len=33 after_len=9
2026-07-01T17:56:46: [chat/tools] search_place({"amenity":"restaurant","city":"Bruxelles"})→ok=true
2026-07-01T18:02:45: [overpass] OK mirror=https://z.overpass-api.de/api/interpreter ms=834 total=848ms elements=30
2026-07-01T18:02:45: [chat/tools] search_place({"amenity":"hotel","city":"Lille"})→ok=true
2026-07-01T18:08:46: [overpass] OK mirror=https://overpass-api.de/api/interpreter ms=578 total=585ms elements=30
2026-07-01T18:08:46: [chat/scrubbers] markdown/name/annonce scrubbed before_len=33 after_len=9
2026-07-01T18:08:46: [chat/tools] search_place({"amenity":"restaurant","city":"Lyon 3e"})→ok=true
2026-07-01T18:14:45: [chat/scrubbers] markdown/name/annonce scrubbed before_len=28 after_len=4
2026-07-01T18:14:45: [chat/tools] search_youtube({"query":"The Weeknd Blinding Lights clip officiel"})→ok=true
2026-07-01T18:20:44: [chat/tools] get_weather({"city":"Tokyo"})→ok=true
2026-07-01T18:26:44: [chat/scrubbers] markdown/name/annonce scrubbed before_len=101 after_len=100
2026-07-01T18:26:44: [chat/tools] get_weather({"city":"Paris"})→ok=true
2026-07-01T18:32:46: [chat/tools] search_recipe({"query":"pâtes sans gluten sauce tomate"})→ok=true
2026-07-01T18:38:45: [overpass] OK mirror=https://z.overpass-api.de/api/interpreter ms=542 total=555ms elements=30
2026-07-01T18:38:45: [chat/tools] search_place({"amenity":"restaurant","city":"Lyon 3e"})→ok=true
2026-07-01T18:44:47: [overpass] OK mirror=https://overpass-api.de/api/interpreter ms=873 total=881ms elements=30
2026-07-01T18:44:47: [chat/tools] search_place({"amenity":"restaurant","city":"Paris Montparnasse"})→ok=true
2026-07-01T18:50:51: [overpass] OK mirror=https://lz4.overpass-api.de/api/interpreter ms=1479 total=1488ms elements=26
2026-07-01T18:50:51: [chat/tools] search_place({"amenity":"hotel","city":"Lyon 6e"})→ok=true
2026-07-01T18:56:47: [chat/scrubbers] markdown/name/annonce scrubbed before_len=341 after_len=326
2026-07-01T19:02:47: [overpass] OK mirror=https://z.overpass-api.de/api/interpreter ms=1897 total=1907ms elements=30
2026-07-01T19:02:47: [chat/scrubbers] markdown/name/annonce scrubbed before_len=33 after_len=9
2026-07-01T19:02:47: [chat/tools] search_place({"amenity":"restaurant","city":"Paris 10e"})→ok=true
2026-07-01T19:08:52: [overpass] OK mirror=https://z.overpass-api.de/api/interpreter ms=2009 total=2021ms elements=30
2026-07-01T19:08:52: [chat/tools] search_place({"amenity":"hotel","city":"Paris"})→ok=true
2026-07-01T19:14:46: [overpass] OK mirror=https://lz4.overpass-api.de/api/interpreter ms=650 total=658ms elements=30
2026-07-01T19:14:46: [chat/tools] search_place({"amenity":"restaurant","city":"Paris Bastille"})→ok=true
2026-07-01T19:20:47: [chat/scrubbers] markdown/name/annonce scrubbed before_len=118 after_len=117
2026-07-01T19:20:47: [chat/tools] search_youtube({"query":"Le Père Noël est une ordure film complet"})→ok=true
2026-07-01T19:26:48: [overpass] OK mirror=https://z.overpass-api.de/api/interpreter ms=1236 total=1319ms elements=30
2026-07-01T19:26:48: [chat/scrubbers] markdown/name/annonce scrubbed before_len=33 after_len=9
2026-07-01T19:26:48: [chat/tools] search_place({"amenity":"hotel","city":"Barcelone"})→ok=true
2026-07-01T19:32:51: [overpass] OK mirror=https://lz4.overpass-api.de/api/interpreter ms=2377 total=2389ms elements=30
2026-07-01T19:32:51: [chat/scrubbers] markdown/name/annonce scrubbed before_len=33 after_len=9
2026-07-01T19:32:51: [chat/tools] search_place({"amenity":"restaurant","city":"Paris"})→ok=true
2026-07-01T19:38:45: [overpass] OK mirror=https://overpass-api.de/api/interpreter ms=461 total=467ms elements=30
2026-07-01T19:38:45: [chat/tools] search_place({"amenity":"restaurant","city":"Lyon 5e"})→ok=true
2026-07-01T19:44:46: [chat/tools] search_youtube({"query":"chat drôle vidéo humour"})→ok=true
2026-07-01T19:50:44: [chat/tools] get_weather({"city":"Paris"})→ok=true
2026-07-01T19:56:48: [overpass] OK mirror=https://lz4.overpass-api.de/api/interpreter ms=2377 total=2387ms elements=30
2026-07-01T19:56:48: [chat/scrubbers] markdown/name/annonce scrubbed before_len=33 after_len=9
2026-07-01T19:56:48: [chat/tools] search_place({"amenity":"restaurant","city":"Paris 11e"})→ok=true
2026-07-01T20:02:45: [overpass] OK mirror=https://z.overpass-api.de/api/interpreter ms=707 total=864ms elements=30
2026-07-01T20:02:46: [chat/scrubbers] markdown/name/annonce scrubbed before_len=33 after_len=9
2026-07-01T20:02:46: [chat/tools] search_place({"amenity":"restaurant","city":"Paris"})→ok=true
2026-07-01T20:14:47: [overpass] OK mirror=https://z.overpass-api.de/api/interpreter ms=1602 total=1616ms elements=30
2026-07-01T20:14:47: [chat/tools] search_place({"amenity":"restaurant","city":"Lyon"})→ok=true
2026-07-01T20:20:46: [overpass] OK mirror=https://overpass-api.de/api/interpreter ms=791 total=797ms elements=30
2026-07-01T20:20:46: [chat/tools] search_place({"amenity":"restaurant","city":"Paris"})→ok=true
2026-07-01T20:26:45: [chat/tools] get_weather({"city":"Paris"})→ok=true
2026-07-01T20:32:46: [chat/scrubbers] markdown/name/annonce scrubbed before_len=37 after_len=13
2026-07-01T20:32:46: [chat/tools] search_recipe({"query":"pâtes facile rapide"})→ok=true
2026-07-01T20:38:46: [overpass] OK mirror=https://overpass-api.de/api/interpreter ms=1448 total=1455ms elements=30
2026-07-01T20:38:46: [chat/tools] search_place({"amenity":"hotel","city":"Paris"})→ok=true
2026-07-01T20:44:46: [overpass] OK mirror=https://lz4.overpass-api.de/api/interpreter ms=856 total=869ms elements=30
2026-07-01T20:44:46: [chat/scrubbers] markdown/name/annonce scrubbed before_len=33 after_len=9
2026-07-01T20:44:46: [chat/tools] search_place({"amenity":"hotel","city":"Barcelone"})→ok=true
2026-07-01T20:50:45: [chat/scrubbers] markdown/name/annonce scrubbed before_len=57 after_len=56
2026-07-01T20:50:45: [chat/tools] search_youtube({"query":"recette pâtes rapide facile"})→ok=true
2026-07-01T20:56:45: [chat/tools] search_recipe({"query":"cookies au chocolat faciles rapides"})→ok=true
2026-07-01T21:02:45: [overpass] OK mirror=https://lz4.overpass-api.de/api/interpreter ms=697 total=713ms elements=30
2026-07-01T21:02:45: [chat/tools] search_place({"amenity":"restaurant","city":"Paris"})→ok=true
2026-07-01T21:08:46: [overpass] OK mirror=https://overpass-api.de/api/interpreter ms=656 total=660ms elements=30
2026-07-01T21:08:46: [chat/scrubbers] markdown/name/annonce scrubbed before_len=33 after_len=9
2026-07-01T21:08:46: [chat/tools] search_place({"amenity":"restaurant","city":"Paris 3e"})→ok=true
2026-07-01T21:14:45: [overpass] OK mirror=https://overpass-api.de/api/interpreter ms=1331 total=1343ms elements=30
2026-07-01T21:14:46: [chat/scrubbers] markdown/name/annonce scrubbed before_len=28 after_len=4
2026-07-01T21:14:46: [chat/tools] search_place({"amenity":"restaurant","city":"Paris 11e"})→ok=true
2026-07-01T21:20:45: [overpass] OK mirror=https://overpass-api.de/api/interpreter ms=653 total=664ms elements=30
2026-07-01T21:20:45: [chat/scrubbers] markdown/name/annonce scrubbed before_len=33 after_len=9
2026-07-01T21:20:45: [chat/tools] search_place({"amenity":"restaurant","city":"Paris"})→ok=true
2026-07-01T21:26:45: [chat/tools] search_recipe({"query":"pâtes carbonara légères"})→ok=true
2026-07-01T21:32:49: [overpass] OK mirror=https://overpass-api.de/api/interpreter ms=4254 total=4264ms elements=30
2026-07-01T21:32:49: [chat/scrubbers] markdown/name/annonce scrubbed before_len=33 after_len=9
2026-07-01T21:32:49: [chat/tools] search_place({"amenity":"restaurant","city":"Paris"})→ok=true
2026-07-01T21:38:45: [chat/tools] search_music({"query":"musique calme endormir chill"})→ok=true
2026-07-01T21:44:45: [chat/scrubbers] markdown/name/annonce scrubbed before_len=53 after_len=52
2026-07-01T21:44:45: [chat/tools] search_recipe({"query":"pâtes pesto penne"})→ok=true
2026-07-01T21:50:45: [overpass] OK mirror=https://overpass-api.de/api/interpreter ms=654 total=662ms elements=30
2026-07-01T21:50:45: [chat/scrubbers] markdown/name/annonce scrubbed before_len=33 after_len=9
2026-07-01T21:50:45: [chat/tools] search_place({"amenity":"restaurant","city":"Paris Bastille"})→ok=true
2026-07-01T21:56:45: [overpass] OK mirror=https://z.overpass-api.de/api/interpreter ms=590 total=599ms elements=30
2026-07-01T21:56:45: [chat/tools] search_place({"amenity":"restaurant","city":"Paris 10e"})→ok=true
2026-07-01T22:02:45: [overpass] OK mirror=https://overpass-api.de/api/interpreter ms=611 total=613ms elements=30
2026-07-01T22:02:45: [chat/scrubbers] markdown/name/annonce scrubbed before_len=45 after_len=20
2026-07-01T22:02:45: [chat/tools] search_place({"amenity":"restaurant","city":"Paris"})→ok=true
2026-07-01T22:08:46: [overpass] OK mirror=https://z.overpass-api.de/api/interpreter ms=755 total=764ms elements=30
2026-07-01T22:08:46: [chat/tools] search_place({"amenity":"restaurant","city":"Paris 10e"})→ok=true
2026-07-01T22:14:45: [chat/scrubbers] markdown/name/annonce scrubbed before_len=26 after_len=9
2026-07-01T22:14:45: [chat/tools] search_youtube({"query":"courses de voitures stylées fast and furious"})→ok=true
2026-07-01T22:20:45: [chat/scrubbers] markdown/name/annonce scrubbed before_len=49 after_len=48
2026-07-01T22:20:45: [chat/tools] search_recipe({"query":"pâtes carbonara facile"})→ok=true
2026-07-01T22:26:45: [overpass] OK mirror=https://z.overpass-api.de/api/interpreter ms=301 total=321ms elements=30
2026-07-01T22:26:45: [chat/scrubbers] markdown/name/annonce scrubbed before_len=33 after_len=9
2026-07-01T22:26:45: [chat/tools] search_place({"amenity":"bar","city":"Montpellier"})→ok=true
2026-07-01T22:32:44: [chat/scrubbers] markdown/name/annonce scrubbed before_len=133 after_len=132
2026-07-01T22:38:45: [overpass] OK mirror=https://z.overpass-api.de/api/interpreter ms=633 total=640ms elements=30
2026-07-01T22:38:45: [chat/scrubbers] markdown/name/annonce scrubbed before_len=33 after_len=9
2026-07-01T22:38:45: [chat/tools] search_place({"amenity":"restaurant","city":"Paris 5e"})→ok=true
2026-07-01T22:44:46: [chat/scrubbers] markdown/name/annonce scrubbed before_len=72 after_len=71
2026-07-01T22:44:46: [chat/tools] search_web({"query":"meilleurs films 2024 2025 action thriller science-)→ok=true
2026-07-01T22:50:45: [overpass] OK mirror=https://overpass-api.de/api/interpreter ms=539 total=545ms elements=30
2026-07-01T22:50:45: [chat/tools] search_place({"amenity":"restaurant","city":"Lyon"})→ok=true
2026-07-01T22:56:46: [chat/scrubbers] markdown/name/annonce scrubbed before_len=393 after_len=378
2026-07-01T23:02:50: [overpass] OK mirror=https://z.overpass-api.de/api/interpreter ms=984 total=996ms elements=30
2026-07-01T23:02:50: [chat/tools] search_place({"amenity":"hotel","city":"Paris"})→ok=true
2026-07-01T23:08:45: [chat/scrubbers] markdown/name/annonce scrubbed before_len=477 after_len=475
2026-07-01T23:14:47: [chat/scrubbers] markdown/name/annonce scrubbed before_len=599 after_len=583
2026-07-01T23:20:45: [chat/scrubbers] markdown/name/annonce scrubbed before_len=26 after_len=9
2026-07-01T23:20:45: [chat/tools] search_recipe({"query":"poulet pâtes facile"})→ok=true
2026-07-01T23:26:45: [chat/scrubbers] markdown/name/annonce scrubbed before_len=74 after_len=73
2026-07-01T23:26:45: [chat/tools] search_recipe({"query":"pâtes tomates rapide"})→ok=true
2026-07-01T23:32:47: [overpass] OK mirror=https://lz4.overpass-api.de/api/interpreter ms=2627 total=2633ms elements=30
2026-07-01T23:32:47: [chat/scrubbers] markdown/name/annonce scrubbed before_len=33 after_len=9
2026-07-01T23:32:47: [chat/tools] search_place({"amenity":"restaurant","city":"Paris Bastille"})→ok=true
2026-07-01T23:38:45: [chat/scrubbers] markdown/name/annonce scrubbed before_len=37 after_len=36
2026-07-01T23:38:45: [chat/tools] search_recipe({"query":"pâtes restes frigo rapide"})→ok=true
2026-07-01T23:44:45: [overpass] OK mirror=https://overpass-api.de/api/interpreter ms=558 total=562ms elements=30
2026-07-01T23:44:45: [chat/tools] search_place({"amenity":"restaurant","city":"Paris"})→ok=true
2026-07-01T23:50:44: [chat/tools] search_recipe({"query":"pâtes rapide"})→ok=true
2026-07-01T23:56:47: [overpass] OK mirror=https://overpass-api.de/api/interpreter ms=1204 total=1208ms elements=30
2026-07-01T23:56:47: [chat/tools] search_place({"amenity":"restaurant","city":"Paris 10e"})→ok=true
2026-07-02T00:02:45: [overpass] OK mirror=https://lz4.overpass-api.de/api/interpreter ms=602 total=608ms elements=30
2026-07-02T00:02:45: [chat/scrubbers] markdown/name/annonce scrubbed before_len=34 after_len=9
2026-07-02T00:02:45: [chat/tools] search_place({"amenity":"restaurant","city":"Paris Bastille"})→ok=true
2026-07-02T00:08:44: [chat/scrubbers] markdown/name/annonce scrubbed before_len=27 after_len=26
2026-07-02T00:08:44: [chat/tools] search_recipe({"query":"cookies au chocolat simple rapide"})→ok=true
2026-07-02T00:14:45: [chat/tools] search_recipe({"query":"pâtes carbonara sans crème recette traditionnelle")→ok=true
2026-07-02T00:20:45: [overpass] OK mirror=https://overpass-api.de/api/interpreter ms=1004 total=1009ms elements=30
2026-07-02T00:20:45: [chat/scrubbers] markdown/name/annonce scrubbed before_len=33 after_len=9
2026-07-02T00:20:45: [chat/tools] search_place({"amenity":"restaurant","city":"Paris"})→ok=true
2026-07-02T00:26:45: [chat/tools] search_recipe({"query":"pâtes sans gluten"})→ok=true
2026-07-02T00:32:45: [overpass] OK mirror=https://overpass-api.de/api/interpreter ms=352 total=361ms elements=30
2026-07-02T00:32:45: [chat/scrubbers] markdown/name/annonce scrubbed before_len=33 after_len=9
2026-07-02T00:32:45: [chat/tools] search_place({"amenity":"restaurant","city":"Marseille"})→ok=true
2026-07-02T00:38:45: [chat/tools] search_youtube({"query":"chats drôles funny cats 2024"})→ok=true
2026-07-02T00:44:45: [overpass] OK mirror=https://overpass-api.de/api/interpreter ms=787 total=790ms elements=30
2026-07-02T00:44:45: [chat/scrubbers] markdown/name/annonce scrubbed before_len=28 after_len=4
2026-07-02T00:44:45: [chat/tools] search_place({"amenity":"restaurant","city":"Paris"})→ok=true
2026-07-02T00:50:46: [overpass] OK mirror=https://lz4.overpass-api.de/api/interpreter ms=942 total=947ms elements=30
2026-07-02T00:50:46: [chat/scrubbers] markdown/name/annonce scrubbed before_len=82 after_len=81
2026-07-02T00:50:46: [chat/tools] search_place({"amenity":"restaurant","city":"Paris Bastille"})→ok=true
2026-07-02T00:56:45: [chat/scrubbers] markdown/name/annonce scrubbed before_len=254 after_len=234
2026-07-02T00:56:45: [chat/scrubber] forbidden phrases removed before_len=234 after_len=232
2026-07-02T01:02:45: [overpass] OK mirror=https://lz4.overpass-api.de/api/interpreter ms=916 total=927ms elements=30
2026-07-02T01:02:45: [chat/scrubbers] markdown/name/annonce scrubbed before_len=33 after_len=9
2026-07-02T01:02:45: [chat/tools] search_place({"amenity":"restaurant","city":"Paris Bastille"})→ok=true
2026-07-02T01:08:45: [chat/scrubbers] markdown/name/annonce scrubbed before_len=54 after_len=53
2026-07-02T01:08:45: [chat/tools] search_recipe({"query":"pâtes sauce tomate rapide"})→ok=true
2026-07-02T01:14:45: [overpass] OK mirror=https://lz4.overpass-api.de/api/interpreter ms=456 total=466ms elements=30
2026-07-02T01:14:45: [chat/tools] search_place({"amenity":"fast_food","city":"Lyon"})→ok=true
2026-07-02T01:20:46: [chat/scrubbers] markdown/name/annonce scrubbed before_len=632 after_len=592
2026-07-02T01:26:44: [chat/scrubbers] markdown/name/annonce scrubbed before_len=39 after_len=38
2026-07-02T01:32:45: [overpass] OK mirror=https://overpass-api.de/api/interpreter ms=693 total=696ms elements=30
2026-07-02T01:32:45: [chat/scrubbers] markdown/name/annonce scrubbed before_len=23 after_len=0
2026-07-02T01:32:45: [chat/tools] search_place({"amenity":"restaurant","city":"Paris 13e"})→ok=true
2026-07-02T01:38:45: [overpass] OK mirror=https://lz4.overpass-api.de/api/interpreter ms=725 total=732ms elements=30
2026-07-02T01:38:45: [chat/scrubbers] markdown/name/annonce scrubbed before_len=33 after_len=9
2026-07-02T01:38:45: [chat/tools] search_place({"amenity":"restaurant","city":"Paris"})→ok=true
2026-07-02T01:44:45: [chat/tools] search_place({"amenity":"restaurant","city":"Paris"})→ok=true
2026-07-02T01:50:46: [overpass] OK mirror=https://z.overpass-api.de/api/interpreter ms=1115 total=1132ms elements=30
2026-07-02T01:50:46: [chat/scrubbers] markdown/name/annonce scrubbed before_len=74 after_len=73
2026-07-02T01:50:46: [chat/tools] search_place({"amenity":"hotel","city":"Paris"})→ok=true
2026-07-02T01:56:45: [overpass] OK mirror=https://z.overpass-api.de/api/interpreter ms=724 total=733ms elements=30
2026-07-02T01:56:45: [chat/scrubbers] markdown/name/annonce scrubbed before_len=59 after_len=58
2026-07-02T01:56:45: [chat/tools] search_place({"amenity":"restaurant","city":"Paris"})→ok=true
2026-07-02T02:02:45: [overpass] OK mirror=https://overpass-api.de/api/interpreter ms=378 total=383ms elements=30
2026-07-02T02:02:45: [chat/tools] search_place({"amenity":"restaurant","city":"Montpellier"})→ok=true
2026-07-02T02:08:45: [chat/scrubbers] markdown/name/annonce scrubbed before_len=538 after_len=504
2026-07-02T02:14:45: [chat/tools] search_recipe({"query":"pâtes rapide"})→ok=true
2026-07-02T02:20:46: [overpass] OK mirror=https://z.overpass-api.de/api/interpreter ms=700 total=715ms elements=30
2026-07-02T02:20:46: [chat/scrubbers] markdown/name/annonce scrubbed before_len=34 after_len=33
2026-07-02T02:20:46: [chat/tools] search_place({"amenity":"bar","city":"Paris 11e"})→ok=true
2026-07-02T02:26:45: [overpass] OK mirror=https://z.overpass-api.de/api/interpreter ms=299 total=308ms elements=30
2026-07-02T02:26:45: [chat/tools] search_place({"amenity":"restaurant","city":"Lyon Presqu'île"})→ok=true
2026-07-02T02:32:44: [chat/tools] get_weather({"city":"Paris"})→ok=true
2026-07-02T02:38:45: [overpass] OK mirror=https://z.overpass-api.de/api/interpreter ms=682 total=690ms elements=30
2026-07-02T02:38:45: [chat/tools] search_place({"amenity":"restaurant","city":"Paris 11e"})→ok=true
2026-07-02T02:44:44: [chat/tools] search_youtube({"query":"chat tombe crash marrant"})→ok=true
2026-07-02T02:50:45: [overpass] OK mirror=https://z.overpass-api.de/api/interpreter ms=523 total=537ms elements=30
2026-07-02T02:50:45: [chat/scrubbers] markdown/name/annonce scrubbed before_len=33 after_len=9
2026-07-02T02:50:45: [chat/tools] search_place({"amenity":"restaurant","city":"Lyon 3e"})→ok=true
2026-07-02T02:56:45: [overpass] OK mirror=https://z.overpass-api.de/api/interpreter ms=638 total=647ms elements=30
2026-07-02T02:56:45: [chat/tools] search_place({"amenity":"restaurant","city":"Paris 11e"})→ok=true
2026-07-02T03:02:45: [overpass] OK mirror=https://overpass-api.de/api/interpreter ms=773 total=776ms elements=30
2026-07-02T03:02:45: [chat/scrubbers] markdown/name/annonce scrubbed before_len=27 after_len=9
2026-07-02T03:02:45: [chat/tools] search_place({"amenity":"restaurant","city":"Paris 18e"})→ok=true
2026-07-02T03:08:45: [overpass] OK mirror=https://lz4.overpass-api.de/api/interpreter ms=438 total=448ms elements=30
2026-07-02T03:08:45: [chat/scrubbers] markdown/name/annonce scrubbed before_len=24 after_len=9
2026-07-02T03:08:45: [chat/tools] search_place({"amenity":"restaurant","city":"Lyon Vieux Lyon"})→ok=true
2026-07-02T03:14:46: [overpass] OK mirror=https://lz4.overpass-api.de/api/interpreter ms=778 total=786ms elements=30
2026-07-02T03:14:46: [chat/scrubbers] markdown/name/annonce scrubbed before_len=33 after_len=9
2026-07-02T03:14:46: [chat/tools] search_place({"amenity":"restaurant","city":"Paris 10e"})→ok=true
2026-07-02T03:20:45: [overpass] OK mirror=https://z.overpass-api.de/api/interpreter ms=519 total=536ms elements=30
2026-07-02T03:20:45: [chat/tools] search_place({"amenity":"restaurant","city":"Paris Bastille"})→ok=true
2026-07-02T03:26:44: [chat/tools] get_weather({"city":"Paris"})→ok=true
2026-07-02T03:32:46: [overpass] OK mirror=https://lz4.overpass-api.de/api/interpreter ms=600 total=605ms elements=30
2026-07-02T03:32:46: [chat/scrubbers] markdown/name/annonce scrubbed before_len=33 after_len=9
2026-07-02T03:32:46: [chat/tools] search_place({"amenity":"restaurant","city":"Lyon 7e"})→ok=true
2026-07-02T03:38:44: [chat/scrubbers] markdown/name/annonce scrubbed before_len=27 after_len=26
2026-07-02T03:38:44: [chat/tools] search_youtube({"query":"chats drôles compil humour"})→ok=true
2026-07-02T03:44:45: [overpass] OK mirror=https://z.overpass-api.de/api/interpreter ms=982 total=994ms elements=30
2026-07-02T03:44:45: [chat/tools] search_place({"amenity":"hotel","city":"Paris"})→ok=true
2026-07-02T03:50:45: [chat/scrubbers] markdown/name/annonce scrubbed before_len=26 after_len=9
2026-07-02T03:50:45: [chat/tools] search_recipe({"query":"gâteau au chocolat facile"})→ok=true
2026-07-02T03:56:45: [chat/tools] search_recipe({"query":"sauce tomate maison facile rapide"})→ok=true
2026-07-02T04:02:50: [chat/tools] search_web({"query":"site:thefork.fr Paris"})→ok=true
2026-07-02T04:08:45: [chat/tools] search_youtube({"query":"vidéo drôle humour 2024"})→ok=true
2026-07-02T04:14:44: [chat/tools] search_youtube({"query":"chat qui danse"})→ok=true
2026-07-02T04:20:46: [overpass] OK mirror=https://lz4.overpass-api.de/api/interpreter ms=748 total=763ms elements=30
2026-07-02T04:20:46: [chat/scrubbers] markdown/name/annonce scrubbed before_len=31 after_len=0
2026-07-02T04:20:46: [chat/tools] search_place({"amenity":"restaurant","city":"Paris Bastille"})→ok=true
2026-07-02T04:26:50: [chat/tools] search_place({"amenity":"restaurant","city":"Évry"})→ok=true
2026-07-02T04:32:49: [overpass] OK mirror=https://z.overpass-api.de/api/interpreter ms=3290 total=3296ms elements=30
2026-07-02T04:32:49: [chat/scrubbers] markdown/name/annonce scrubbed before_len=33 after_len=9
2026-07-02T04:32:49: [chat/tools] search_place({"amenity":"restaurant","city":"Paris"})→ok=true
2026-07-02T04:38:45: [overpass] OK mirror=https://z.overpass-api.de/api/interpreter ms=660 total=669ms elements=30
2026-07-02T04:38:45: [chat/scrubbers] markdown/name/annonce scrubbed before_len=23 after_len=0
2026-07-02T04:38:45: [chat/tools] search_place({"amenity":"hotel","city":"Paris"})→ok=true
2026-07-02T04:44:45: [overpass] OK mirror=https://z.overpass-api.de/api/interpreter ms=548 total=556ms elements=30
2026-07-02T04:44:45: [chat/tools] search_place({"amenity":"restaurant","city":"Paris"})→ok=true
2026-07-02T04:50:45: [chat/tools] search_recipe({"query":"pâte à crêpes"})→ok=true
2026-07-02T04:56:45: [chat/tools] search_recipe({"query":"pâtes carbonara"})→ok=true
2026-07-02T05:02:45: [chat/tools] search_recipe({"query":"carbonara"})→ok=true
2026-07-02T05:08:45: [overpass] OK mirror=https://z.overpass-api.de/api/interpreter ms=602 total=606ms elements=30
2026-07-02T05:08:45: [chat/tools] search_place({"amenity":"hotel","city":"Barcelone"})→ok=true
2026-07-02T05:14:45: [overpass] OK mirror=https://overpass-api.de/api/interpreter ms=582 total=587ms elements=30
2026-07-02T05:14:46: [chat/scrubbers] markdown/name/annonce scrubbed before_len=33 after_len=9
2026-07-02T05:14:46: [chat/tools] search_place({"amenity":"restaurant","city":"Lyon"})→ok=true
2026-07-02T05:20:46: [overpass] OK mirror=https://overpass-api.de/api/interpreter ms=655 total=660ms elements=30
2026-07-02T05:20:46: [chat/tools] search_place({"amenity":"hotel","city":"Bordeaux"})→ok=true
2026-07-02T05:26:46: [overpass] OK mirror=https://overpass-api.de/api/interpreter ms=382 total=388ms elements=30
2026-07-02T05:26:46: [chat/tools] search_place({"amenity":"restaurant","city":"Lyon 6"})→ok=true
2026-07-02T05:32:45: [overpass] OK mirror=https://overpass-api.de/api/interpreter ms=816 total=823ms elements=30
2026-07-02T05:32:45: [chat/scrubbers] markdown/name/annonce scrubbed before_len=37 after_len=13
2026-07-02T05:32:45: [chat/tools] search_place({"amenity":"restaurant","city":"Paris 10e"})→ok=true
2026-07-02T05:38:44: [chat/tools] search_music({"query":"chill musique pour bosser"})→ok=true
2026-07-02T05:44:45: [overpass] OK mirror=https://z.overpass-api.de/api/interpreter ms=501 total=507ms elements=30
2026-07-02T05:44:45: [chat/scrubbers] markdown/name/annonce scrubbed before_len=33 after_len=9
2026-07-02T05:44:45: [chat/tools] search_place({"amenity":"restaurant","city":"Toulouse"})→ok=true
2026-07-02T05:50:45: [overpass] OK mirror=https://overpass-api.de/api/interpreter ms=432 total=434ms elements=30
2026-07-02T05:50:45: [chat/scrubbers] markdown/name/annonce scrubbed before_len=30 after_len=6
2026-07-02T05:50:45: [chat/tools] search_place({"amenity":"bar","city":"Paris Bastille"})→ok=true
2026-07-02T05:56:45: [overpass] OK mirror=https://overpass-api.de/api/interpreter ms=572 total=580ms elements=30
2026-07-02T05:56:45: [chat/tools] search_place({"amenity":"restaurant","city":"Paris 10e"})→ok=true
2026-07-02T06:02:46: [overpass] OK mirror=https://z.overpass-api.de/api/interpreter ms=906 total=921ms elements=30
2026-07-02T06:02:46: [chat/scrubbers] markdown/name/annonce scrubbed before_len=28 after_len=4
2026-07-02T06:02:46: [chat/tools] search_place({"amenity":"restaurant","city":"Paris"})→ok=true
2026-07-02T06:08:46: [overpass] OK mirror=https://lz4.overpass-api.de/api/interpreter ms=556 total=562ms elements=30
2026-07-02T06:08:46: [chat/tools] search_place({"amenity":"restaurant","city":"Paris Bastille"})→ok=true
2026-07-02T06:14:46: [overpass] OK mirror=https://lz4.overpass-api.de/api/interpreter ms=681 total=688ms elements=30
2026-07-02T06:14:46: [chat/tools] search_place({"amenity":"restaurant","city":"Paris 10e"})→ok=true
2026-07-02T06:20:45: [overpass] OK mirror=https://z.overpass-api.de/api/interpreter ms=623 total=637ms elements=30
2026-07-02T06:20:45: [chat/tools] search_place({"amenity":"restaurant","city":"Paris 11e"})→ok=true
2026-07-02T06:26:46: [overpass] OK mirror=https://overpass-api.de/api/interpreter ms=358 total=363ms elements=30
2026-07-02T06:26:46: [chat/scrubbers] markdown/name/annonce scrubbed before_len=90 after_len=89
2026-07-02T06:26:46: [chat/tools] search_place({"amenity":"fast_food","city":"Lyon"})→ok=true
2026-07-02T06:32:45: [overpass] OK mirror=https://lz4.overpass-api.de/api/interpreter ms=397 total=407ms elements=30
2026-07-02T06:32:45: [chat/scrubbers] markdown/name/annonce scrubbed before_len=33 after_len=9
2026-07-02T06:32:45: [chat/tools] search_place({"amenity":"restaurant","city":"Lyon"})→ok=true
2026-07-02T06:38:45: [overpass] OK mirror=https://overpass-api.de/api/interpreter ms=415 total=424ms elements=30
2026-07-02T06:38:45: [chat/tools] search_place({"amenity":"restaurant","city":"Paris"})→ok=true
2026-07-02T06:44:45: [overpass] OK mirror=https://z.overpass-api.de/api/interpreter ms=319 total=328ms elements=30
2026-07-02T06:44:45: [chat/tools] search_place({"amenity":"restaurant","city":"Montpellier"})→ok=true
2026-07-02T06:50:45: [chat/tools] search_youtube({"query":"chat skateboard"})→ok=true
2026-07-02T06:56:48: [chat/tools] get_weather({"city":"Tokyo"})→ok=true
2026-07-02T07:02:50: [chat/scrubbers] markdown/name/annonce scrubbed before_len=33 after_len=9
2026-07-02T07:02:50: [chat/tools] search_place({"amenity":"restaurant","city":"Paris 11e"})→ok=true
2026-07-02T07:08:46: [chat/scrubbers] markdown/name/annonce scrubbed before_len=26 after_len=9
2026-07-02T07:08:46: [chat/tools] search_recipe({"query":"cookies vegan peu sucrés"})→ok=true
2026-07-02T07:14:50: [chat/tools] search_web({"query":"site:thefork.fr Lyon"})→ok=true
2026-07-02T07:20:46: [overpass] OK mirror=https://overpass-api.de/api/interpreter ms=754 total=770ms elements=30
2026-07-02T07:20:46: [chat/scrubbers] markdown/name/annonce scrubbed before_len=23 after_len=0
2026-07-02T07:20:46: [chat/tools] search_place({"amenity":"restaurant","city":"Paris Bastille"})→ok=true
2026-07-02T07:26:48: [overpass] OK mirror=https://overpass-api.de/api/interpreter ms=950 total=955ms elements=30
2026-07-02T07:26:48: [overpass] OK mirror=https://lz4.overpass-api.de/api/interpreter ms=933 total=938ms elements=30
2026-07-02T07:26:48: [chat/tools] search_place({"amenity":"hotel","city":"Paris 10e"})→ok=true | search_place({"amenity":"hotel","city":"Paris 11e"})→ok=true
2026-07-02T07:32:46: [overpass] OK mirror=https://overpass-api.de/api/interpreter ms=1894 total=1903ms elements=30
2026-07-02T07:32:46: [chat/tools] search_place({"amenity":"restaurant","city":"Paris"})→ok=true
2026-07-02T07:38:44: [chat/scrubbers] markdown/name/annonce scrubbed before_len=35 after_len=19
2026-07-02T07:38:44: [chat/tools] search_place({"amenity":"restaurant","city":"Paris"})→ok=true
2026-07-02T07:44:45: [overpass] OK mirror=https://lz4.overpass-api.de/api/interpreter ms=364 total=371ms elements=30
2026-07-02T07:44:45: [chat/scrubbers] markdown/name/annonce scrubbed before_len=24 after_len=0
2026-07-02T07:44:45: [chat/tools] search_place({"amenity":"restaurant","city":"Montpellier"})→ok=true
2026-07-02T07:50:47: [overpass] OK mirror=https://overpass-api.de/api/interpreter ms=706 total=708ms elements=30
2026-07-02T07:50:47: [chat/scrubbers] markdown/name/annonce scrubbed before_len=31 after_len=0
2026-07-02T07:50:47: [chat/tools] search_place({"amenity":"restaurant","city":"Paris"})→ok=true
2026-07-02T07:56:45: [chat/tools] search_youtube({"query":"chat qui joue du piano drôle"})→ok=true
2026-07-02T08:02:46: [chat/scrubbers] markdown/name/annonce scrubbed before_len=54 after_len=53
2026-07-02T08:02:46: [chat/tools] search_recipe({"query":"pâtes ail tomates basilic rapide"})→ok=true
2026-07-02T08:08:51: [overpass] OK mirror=https://lz4.overpass-api.de/api/interpreter ms=740 total=749ms elements=30
2026-07-02T08:08:51: [chat/scrubbers] markdown/name/annonce scrubbed before_len=24 after_len=9
2026-07-02T08:08:51: [chat/tools] search_place({"amenity":"restaurant","city":"Paris République"})→ok=true
2026-07-02T08:27:02: [chat/scrubbers] markdown/name/annonce scrubbed before_len=23 after_len=0
2026-07-02T08:27:03: [chat/tools] search_web({"query":"concert rock Paris week-end 2025"})→ok=true
2026-07-02T08:33:19: [overpass] OK mirror=https://overpass-api.de/api/interpreter ms=695 total=700ms elements=30
2026-07-02T08:33:19: [chat/scrubbers] markdown/name/annonce scrubbed before_len=33 after_len=9
2026-07-02T08:33:19: [chat/tools] search_place({"amenity":"restaurant","city":"Paris 10e"})→ok=true
2026-07-02T08:39:31: [chat/tools] get_weather({"city":"Tokyo"})→ok=true
2026-07-02T08:51:32: [overpass] OK mirror=https://overpass-api.de/api/interpreter ms=526 total=531ms elements=30
2026-07-02T08:51:32: [chat/scrubbers] markdown/name/annonce scrubbed before_len=34 after_len=9
2026-07-02T08:51:32: [chat/tools] search_place({"amenity":"restaurant","city":"Montpellier"})→ok=true
2026-07-02T08:56:52: [chat/scrubbers] markdown/name/annonce scrubbed before_len=306 after_len=304
2026-07-02T09:02:53: [chat/scrubbers] markdown/name/annonce scrubbed before_len=41 after_len=9
2026-07-02T09:02:53: [chat/tools] search_youtube({"query":"best action movies explosions scenes 2024 2025"})→ok=true
2026-07-02T09:15:13: [overpass] OK mirror=https://overpass-api.de/api/interpreter ms=492 total=498ms elements=30
2026-07-02T09:15:13: [chat/tools] search_place({"amenity":"restaurant","city":"Bordeaux"})→ok=true
2026-07-02T09:20:49: [chat/scrubbers] markdown/name/annonce scrubbed before_len=87 after_len=86
2026-07-02T09:28:45: [overpass] OK mirror=https://lz4.overpass-api.de/api/interpreter ms=958 total=965ms elements=30
2026-07-02T09:28:45: [chat/tools] search_place({"amenity":"hotel","city":"Paris"})→ok=true
2026-07-02T09:32:47: [overpass] OK mirror=https://z.overpass-api.de/api/interpreter ms=1111 total=1121ms elements=30
2026-07-02T09:32:47: [chat/tools] search_place({"amenity":"restaurant","city":"Paris Opéra"})→ok=true
2026-07-02T09:38:46: [overpass] OK mirror=https://z.overpass-api.de/api/interpreter ms=698 total=716ms elements=30
2026-07-02T09:38:46: [chat/scrubbers] markdown/name/annonce scrubbed before_len=39 after_len=9
2026-07-02T09:38:46: [chat/tools] search_place({"amenity":"restaurant","city":"Paris 11e"})→ok=true
2026-07-02T09:44:45: [overpass] OK mirror=https://z.overpass-api.de/api/interpreter ms=841 total=846ms elements=30
2026-07-02T09:44:45: [chat/scrubbers] markdown/name/annonce scrubbed before_len=33 after_len=9
2026-07-02T09:44:45: [chat/tools] search_place({"amenity":"restaurant","city":"Paris"})→ok=true
2026-07-02T09:50:50: [chat/tools] search_web({"query":"site:thefork.fr Paris 11e"})→ok=true
2026-07-02T09:56:44: [chat/tools] search_recipe({"query":"pâtes rapide simple"})→ok=true
2026-07-02T10:02:50: [chat/scrubbers] markdown/name/annonce scrubbed before_len=33 after_len=9
2026-07-02T10:02:50: [chat/tools] search_place({"amenity":"restaurant","city":"Paris Bastille"})→ok=true
2026-07-02T10:08:45: [overpass] OK mirror=https://z.overpass-api.de/api/interpreter ms=824 total=833ms elements=30
2026-07-02T10:08:45: [chat/tools] search_place({"amenity":"hotel","city":"Bordeaux"})→ok=true
2026-07-02T10:14:45: [overpass] OK mirror=https://z.overpass-api.de/api/interpreter ms=356 total=363ms elements=30
2026-07-02T10:14:45: [chat/tools] search_place({"amenity":"restaurant","city":"Montpellier"})→ok=true
2026-07-02T10:20:45: [chat/tools] search_youtube({"query":"chat qui fait du skate drôle"})→ok=true
2026-07-02T10:26:46: [overpass] OK mirror=https://lz4.overpass-api.de/api/interpreter ms=1448 total=1454ms elements=30
2026-07-02T10:26:46: [chat/scrubbers] markdown/name/annonce scrubbed before_len=27 after_len=9
2026-07-02T10:26:46: [chat/tools] search_place({"amenity":"hotel","city":"Amsterdam"})→ok=true
2026-07-02T10:32:45: [overpass] OK mirror=https://overpass-api.de/api/interpreter ms=423 total=429ms elements=30
2026-07-02T10:32:45: [chat/scrubbers] markdown/name/annonce scrubbed before_len=44 after_len=21
2026-07-02T10:32:45: [chat/tools] search_place({"amenity":"restaurant","city":"Bordeaux"})→ok=true
2026-07-02T10:38:45: [chat/scrubbers] markdown/name/annonce scrubbed before_len=48 after_len=47
2026-07-02T10:38:45: [chat/tools] search_recipe({"query":"pancakes facile"})→ok=true
2026-07-02T10:44:46: [overpass] OK mirror=https://z.overpass-api.de/api/interpreter ms=1364 total=1376ms elements=30
2026-07-02T10:44:46: [chat/tools] search_place({"amenity":"restaurant","city":"Paris Bastille"})→ok=true
2026-07-02T10:50:44: [chat/tools] get_weather({"city":"Montréal"})→ok=true
2026-07-02T10:56:47: [overpass] OK mirror=https://overpass-api.de/api/interpreter ms=2953 total=2957ms elements=30
2026-07-02T10:56:47: [chat/scrubbers] markdown/name/annonce scrubbed before_len=28 after_len=4
2026-07-02T10:56:47: [chat/tools] search_place({"amenity":"restaurant","city":"Paris Bastille"})→ok=true
2026-07-02T11:02:44: [chat/scrubbers] markdown/name/annonce scrubbed before_len=56 after_len=55
2026-07-02T11:02:44: [chat/tools] search_place({"amenity":"restaurant","city":"Paris Bastille"})→ok=true
2026-07-02T11:08:45: [chat/tools] search_recipe({"query":"pâtes rapide facile"})→ok=true
2026-07-02T11:14:48: [overpass] OK mirror=https://overpass-api.de/api/interpreter ms=2893 total=2898ms elements=30
2026-07-02T11:14:48: [chat/scrubbers] markdown/name/annonce scrubbed before_len=63 after_len=62
2026-07-02T11:14:48: [chat/tools] search_place({"amenity":"restaurant","city":"Paris 13e"})→ok=true
2026-07-02T11:20:47: [chat/scrubbers] markdown/name/annonce scrubbed before_len=438 after_len=426
2026-07-02T11:26:47: [chat/tools] search_recipe({"query":"pâte à crêpes"})→ok=true
2026-07-02T11:32:51: [chat/scrubbers] markdown/name/annonce scrubbed before_len=18 after_len=0
2026-07-02T11:32:51: [chat/tools] search_place({"amenity":"restaurant","city":"Paris"})→ok=true
2026-07-02T11:38:52: [chat/scrubbers] markdown/name/annonce scrubbed before_len=33 after_len=9
2026-07-02T11:38:52: [chat/tools] search_web({"query":"site:thefork.fr Barcelone"})→ok=true
2026-07-02T11:44:47: [overpass] OK mirror=https://overpass-api.de/api/interpreter ms=1415 total=1432ms elements=30
2026-07-02T11:44:47: [chat/tools] search_place({"amenity":"hotel","city":"Paris"})→ok=true
2026-07-02T11:50:46: [chat/scrubbers] markdown/name/annonce scrubbed before_len=566 after_len=532
2026-07-02T11:56:46: [overpass] OK mirror=https://z.overpass-api.de/api/interpreter ms=1410 total=1420ms elements=30
2026-07-02T11:56:46: [chat/scrubbers] markdown/name/annonce scrubbed before_len=33 after_len=9
2026-07-02T11:56:46: [chat/tools] search_place({"amenity":"bar","city":"Paris 11e"})→ok=true
2026-07-02T12:02:45: [chat/scrubbers] markdown/name/annonce scrubbed before_len=240 after_len=239
2026-07-02T12:08:48: [overpass] OK mirror=https://lz4.overpass-api.de/api/interpreter ms=2505 total=2514ms elements=30
2026-07-02T12:08:48: [chat/scrubbers] markdown/name/annonce scrubbed before_len=33 after_len=9
2026-07-02T12:08:48: [chat/tools] search_place({"amenity":"hotel","city":"Lyon"})→ok=true
2026-07-02T12:14:45: [chat/scrubbers] markdown/name/annonce scrubbed before_len=139 after_len=137
2026-07-02T12:20:46: [overpass] OK mirror=https://z.overpass-api.de/api/interpreter ms=1137 total=1142ms elements=30
2026-07-02T12:20:46: [chat/tools] search_place({"amenity":"restaurant","city":"Paris Bastille"})→ok=true
2026-07-02T12:26:45: [chat/scrubbers] markdown/name/annonce scrubbed before_len=34 after_len=33
2026-07-02T12:26:45: [chat/tools] get_weather({"city":"Saint-Étienne"})→ok=true
2026-07-02T12:32:45: [overpass] OK mirror=https://overpass-api.de/api/interpreter ms=825 total=830ms elements=30
2026-07-02T12:32:45: [chat/tools] search_place({"amenity":"restaurant","city":"Rennes"})→ok=true
2026-07-02T12:38:48: [overpass] OK mirror=https://lz4.overpass-api.de/api/interpreter ms=1990 total=2018ms elements=30
2026-07-02T12:38:48: [chat/scrubbers] markdown/name/annonce scrubbed before_len=33 after_len=9
2026-07-02T12:38:48: [chat/tools] search_place({"amenity":"restaurant","city":"Paris"})→ok=true
2026-07-02T12:44:44: [chat/scrubbers] markdown/name/annonce scrubbed before_len=33 after_len=9
2026-07-02T12:44:44: [chat/tools] search_place({"amenity":"restaurant","city":"Paris"})→ok=true
2026-07-02T12:50:47: [overpass] OK mirror=https://lz4.overpass-api.de/api/interpreter ms=822 total=835ms elements=30
2026-07-02T12:50:47: [chat/tools] search_place({"amenity":"restaurant","city":"Paris 12e"})→ok=true
2026-07-02T12:56:47: [overpass] OK mirror=https://lz4.overpass-api.de/api/interpreter ms=656 total=662ms elements=30
2026-07-02T12:56:47: [chat/tools] search_place({"amenity":"fast_food","city":"Paris"})→ok=true
2026-07-02T13:02:49: [overpass] OK mirror=https://overpass-api.de/api/interpreter ms=2023 total=2030ms elements=30
2026-07-02T13:02:49: [chat/scrubbers] markdown/name/annonce scrubbed before_len=33 after_len=9
2026-07-02T13:02:49: [chat/tools] search_place({"amenity":"restaurant","city":"Paris 10e"})→ok=true
2026-07-02T13:08:51: [chat/tools] search_web({"query":"site:thefork.fr Paris 11e"})→ok=true
2026-07-02T13:14:47: [overpass] OK mirror=https://lz4.overpass-api.de/api/interpreter ms=1767 total=1773ms elements=30
2026-07-02T13:14:47: [chat/scrubbers] markdown/name/annonce scrubbed before_len=33 after_len=9
2026-07-02T13:14:47: [chat/tools] search_place({"amenity":"restaurant","city":"Paris Montmartre"})→ok=true
2026-07-02T13:20:46: [chat/scrubbers] markdown/name/annonce scrubbed before_len=115 after_len=83
2026-07-02T13:20:46: [chat/tools] search_web({"query":"Los Angeles Lakers prochains matchs calendrier 202)→ok=true
2026-07-02T13:26:52: [chat/scrubbers] markdown/name/annonce scrubbed before_len=33 after_len=9
2026-07-02T13:26:52: [chat/tools] search_web({"query":"site:thefork.fr Paris 10e"})→ok=true
2026-07-02T13:32:52: [chat/tools] search_web({"query":"site:booking.com hôtel Lyon"})→ok=true
2026-07-02T13:38:47: [chat/tools] search_recipe({"query":"pâtes rapide facile"})→ok=true
2026-07-02T13:44:45: [overpass] OK mirror=https://overpass-api.de/api/interpreter ms=470 total=482ms elements=30
2026-07-02T13:44:45: [chat/scrubbers] markdown/name/annonce scrubbed before_len=33 after_len=9
2026-07-02T13:44:45: [chat/tools] search_place({"amenity":"restaurant","city":"Lyon"})→ok=true
2026-07-02T13:50:45: [chat/scrubbers] markdown/name/annonce scrubbed before_len=24 after_len=0
2026-07-02T13:50:45: [chat/tools] search_place({"amenity":"restaurant","city":"Lyon"})→ok=true
2026-07-02T13:56:46: [overpass] OK mirror=https://lz4.overpass-api.de/api/interpreter ms=559 total=564ms elements=30
2026-07-02T13:56:46: [chat/scrubbers] markdown/name/annonce scrubbed before_len=27 after_len=9
2026-07-02T13:56:46: [chat/tools] search_place({"amenity":"restaurant","city":"Shinjuku Tokyo"})→ok=true
2026-07-02T14:02:48: [overpass] OK mirror=https://overpass-api.de/api/interpreter ms=3187 total=3196ms elements=30
2026-07-02T14:02:48: [chat/tools] search_place({"amenity":"restaurant","city":"Lyon 6e"})→ok=true
2026-07-02T14:08:45: [chat/tools] search_recipe({"query":"pâtes carbonara facile"})→ok=true
2026-07-02T14:14:47: [overpass] OK mirror=https://lz4.overpass-api.de/api/interpreter ms=2058 total=2066ms elements=30
2026-07-02T14:14:47: [chat/scrubbers] markdown/name/annonce scrubbed before_len=33 after_len=9
2026-07-02T14:14:47: [chat/tools] search_place({"amenity":"restaurant","city":"Paris 10e"})→ok=true
2026-07-02T14:20:47: [overpass] OK mirror=https://z.overpass-api.de/api/interpreter ms=2252 total=2260ms elements=30
2026-07-02T14:20:47: [chat/tools] search_place({"amenity":"bar","city":"Paris Bastille"})→ok=true
2026-07-02T14:26:47: [overpass] OK mirror=https://lz4.overpass-api.de/api/interpreter ms=887 total=893ms elements=30
2026-07-02T14:26:47: [chat/scrubbers] markdown/name/annonce scrubbed before_len=198 after_len=164
2026-07-02T14:26:47: [chat/tools] search_place({"amenity":"restaurant","city":"Paris 5e"})→ok=true
2026-07-02T14:32:46: [chat/scrubbers] markdown/name/annonce scrubbed before_len=77 after_len=76
2026-07-02T14:32:46: [chat/tools] get_weather({"city":"Lille"})→ok=true
2026-07-02T14:38:48: [overpass] OK mirror=https://z.overpass-api.de/api/interpreter ms=1291 total=1304ms elements=30
2026-07-02T14:38:48: [chat/scrubbers] markdown/name/annonce scrubbed before_len=33 after_len=9
2026-07-02T14:38:48: [chat/tools] search_place({"amenity":"restaurant","city":"Lyon"})→ok=true
2026-07-02T14:44:45: [chat/scrubbers] markdown/name/annonce scrubbed before_len=72 after_len=70
2026-07-02T14:50:52: [chat/scrubbers] markdown/name/annonce scrubbed before_len=33 after_len=9
2026-07-02T14:50:52: [chat/tools] search_web({"query":"site:thefork.fr Paris"})→ok=true
2026-07-02T14:56:47: [chat/scrubbers] markdown/name/annonce scrubbed before_len=744 after_len=670
2026-07-02T15:02:47: [overpass] OK mirror=https://lz4.overpass-api.de/api/interpreter ms=1688 total=1697ms elements=30
2026-07-02T15:02:47: [chat/scrubbers] markdown/name/annonce scrubbed before_len=62 after_len=61
2026-07-02T15:02:47: [chat/tools] search_place({"amenity":"restaurant","city":"Paris 11e"})→ok=true
2026-07-02T15:08:45: [chat/scrubbers] markdown/name/annonce scrubbed before_len=37 after_len=13
2026-07-02T15:08:45: [chat/tools] search_place({"amenity":"restaurant","city":"Paris 11e"})→ok=true
2026-07-02T15:14:48: [chat/scrubbers] markdown/name/annonce scrubbed before_len=608 after_len=574
2026-07-02T15:20:46: [overpass] OK mirror=https://lz4.overpass-api.de/api/interpreter ms=467 total=470ms elements=30
2026-07-02T15:20:46: [chat/tools] search_place({"amenity":"restaurant","city":"Lyon"})→ok=true
2026-07-02T15:26:46: [chat/tools] search_youtube({"query":"chat qui fait du skateboard"})→ok=true
2026-07-02T15:32:46: [chat/scrubbers] markdown/name/annonce scrubbed before_len=397 after_len=389
2026-07-02T15:38:46: [overpass] OK mirror=https://z.overpass-api.de/api/interpreter ms=756 total=773ms elements=30
2026-07-02T15:38:46: [chat/scrubbers] markdown/name/annonce scrubbed before_len=28 after_len=4
2026-07-02T15:38:46: [chat/tools] search_place({"amenity":"restaurant","city":"Paris 10e"})→ok=true
2026-07-02T15:44:46: [overpass] OK mirror=https://lz4.overpass-api.de/api/interpreter ms=978 total=991ms elements=23
2026-07-02T15:44:46: [chat/tools] search_place({"amenity":"fast_food","city":"Évry"})→ok=true
2026-07-02T15:50:46: [overpass] OK mirror=https://lz4.overpass-api.de/api/interpreter ms=419 total=429ms elements=30
2026-07-02T15:50:46: [chat/tools] search_place({"amenity":"fast_food","city":"Lyon"})→ok=true
2026-07-02T15:56:46: [chat/tools] search_recipe({"query":"carbonara italienne sans crème"})→ok=true
2026-07-02T16:02:51: [chat/tools] search_web({"query":"site:thefork.fr Paris Bastille"})→ok=true
2026-07-02T16:08:46: [chat/tools] search_recipe({"query":"pâtes carbonara rapide"})→ok=true
2026-07-02T16:14:46: [chat/scrubbers] markdown/name/annonce scrubbed before_len=724 after_len=666
2026-07-02T16:20:50: [overpass] OK mirror=https://z.overpass-api.de/api/interpreter ms=4901 total=4911ms elements=30
2026-07-02T16:20:50: [chat/tools] search_place({"amenity":"hotel","city":"Paris"})→ok=true
2026-07-02T16:26:45: [overpass] OK mirror=https://overpass-api.de/api/interpreter ms=749 total=757ms elements=30
2026-07-02T16:26:45: [chat/scrubbers] markdown/name/annonce scrubbed before_len=33 after_len=9
2026-07-02T16:26:45: [chat/tools] search_place({"amenity":"restaurant","city":"Paris Bastille"})→ok=true
2026-07-02T16:32:46: [chat/tools] get_weather({"city":"New York"})→ok=true
2026-07-02T16:38:52: [chat/scrubbers] markdown/name/annonce scrubbed before_len=957 after_len=909
2026-07-02T16:44:46: [chat/scrubbers] markdown/name/annonce scrubbed before_len=45 after_len=44
2026-07-02T16:44:46: [chat/tools] search_recipe({"query":"poulet légumes poêlée"})→ok=true
2026-07-02T16:50:48: [chat/scrubbers] markdown/name/annonce scrubbed before_len=440 after_len=424
2026-07-02T16:56:52: [chat/scrubbers] markdown/name/annonce scrubbed before_len=34 after_len=33
2026-07-02T16:56:52: [chat/tools] search_web({"query":"site:thefork.fr Paris Bastille"})→ok=true
2026-07-02T17:02:52: [chat/tools] search_web({"query":"site:booking.com hôtel Bordeaux"})→ok=true
2026-07-02T17:08:47: [overpass] OK mirror=https://overpass-api.de/api/interpreter ms=1185 total=1191ms elements=30
2026-07-02T17:08:47: [chat/scrubbers] markdown/name/annonce scrubbed before_len=37 after_len=13
2026-07-02T17:08:47: [chat/tools] search_place({"amenity":"restaurant","city":"Bordeaux"})→ok=true
2026-07-02T17:14:47: [overpass] OK mirror=https://overpass-api.de/api/interpreter ms=797 total=805ms elements=30
2026-07-02T17:14:52: [chat/tools] search_web({"query":"site:thefork.fr Saint-Denis"})→ok=true
2026-07-02T17:20:46: [chat/scrubbers] markdown/name/annonce scrubbed before_len=148 after_len=143
2026-07-02T17:20:46: [chat/tools] search_recipe({"query":"poulet champignons crème rapide"})→ok=true
2026-07-02T17:26:47: [overpass] OK mirror=https://lz4.overpass-api.de/api/interpreter ms=1603 total=1606ms elements=30
2026-07-02T17:26:47: [chat/tools] search_place({"amenity":"restaurant","city":"Paris 10e"})→ok=true
2026-07-02T17:32:45: [chat/tools] search_recipe({"query":"carbonara facile"})→ok=true
2026-07-02T17:38:45: [chat/scrubbers] markdown/name/annonce scrubbed before_len=31 after_len=0
2026-07-02T17:38:45: [chat/tools] search_youtube({"query":"chat marrant humour video"})→ok=true
2026-07-02T17:44:47: [overpass] OK mirror=https://lz4.overpass-api.de/api/interpreter ms=1486 total=1493ms elements=30
2026-07-02T17:44:47: [chat/scrubbers] markdown/name/annonce scrubbed before_len=33 after_len=9
2026-07-02T17:44:47: [chat/tools] search_place({"amenity":"restaurant","city":"Paris Bastille"})→ok=true
2026-07-02T17:50:46: [chat/scrubbers] markdown/name/annonce scrubbed before_len=80 after_len=79
2026-07-02T17:50:46: [chat/tools] search_recipe({"query":"riz courgettes tomates végétarien"})→ok=true
2026-07-02T17:56:46: [overpass] OK mirror=https://overpass-api.de/api/interpreter ms=604 total=612ms elements=30
2026-07-02T17:56:46: [chat/scrubbers] markdown/name/annonce scrubbed before_len=32 after_len=0
2026-07-02T17:56:46: [chat/tools] search_place({"amenity":"restaurant","city":"Lyon"})→ok=true
2026-07-02T18:02:48: [overpass] OK mirror=https://lz4.overpass-api.de/api/interpreter ms=1335 total=1347ms elements=30
2026-07-02T18:02:48: [chat/tools] search_place({"amenity":"fast_food","city":"Lyon 3e"})→ok=true
2026-07-02T18:08:45: [chat/scrubbers] markdown/name/annonce scrubbed before_len=184 after_len=183
2026-07-02T18:08:45: [chat/scrubber] forbidden phrases removed before_len=183 after_len=119
2026-07-02T18:14:45: [chat/tools] get_weather({"city":"Montréal"})→ok=true
2026-07-02T18:20:45: [chat/tools] search_music({"query":"triste"})→ok=true
2026-07-02T18:26:46: [chat/scrubbers] markdown/name/annonce scrubbed before_len=47 after_len=46
2026-07-02T18:26:46: [chat/tools] search_recipe({"query":"pâtes faciles rapide"})→ok=true
2026-07-02T18:32:52: [chat/scrubbers] markdown/name/annonce scrubbed before_len=38 after_len=9
2026-07-02T18:32:52: [chat/tools] search_web({"query":"site:thefork.fr Paris 13e"})→ok=true
2026-07-02T18:38:47: [chat/scrubbers] markdown/name/annonce scrubbed before_len=66 after_len=65
2026-07-02T18:38:47: [chat/tools] search_recipe({"query":"pâtes végétariennes rapides"})→ok=true | search_recipe({"query":"salade repas végétarien rapide"})→ok=true | search_recipe({"query":"omelette rapide légumes"})→ok=true
2026-07-02T18:44:46: [overpass] OK mirror=https://lz4.overpass-api.de/api/interpreter ms=649 total=659ms elements=30
2026-07-02T18:44:46: [chat/tools] search_place({"amenity":"fast_food","city":"Paris"})→ok=true
2026-07-02T18:50:46: [chat/tools] search_recipe({"query":"carbonara sans crème légère"})→ok=true
2026-07-02T18:56:44: [chat/tools] get_weather({"city":"Paris"})→ok=true
2026-07-02T19:02:52: [chat/scrubbers] markdown/name/annonce scrubbed before_len=32 after_len=7
2026-07-02T19:02:52: [chat/tools] search_web({"query":"site:thefork.fr Paris"})→ok=true
2026-07-02T19:08:44: [chat/scrubbers] markdown/name/annonce scrubbed before_len=106 after_len=104
2026-07-02T19:14:48: [overpass] OK mirror=https://lz4.overpass-api.de/api/interpreter ms=2379 total=2408ms elements=30
2026-07-02T19:14:48: [chat/tools] search_place({"amenity":"restaurant","city":"Paris"})→ok=true
2026-07-02T19:20:45: [chat/tools] search_recipe({"query":"pâtes crémeuses végétariennes"})→ok=true
2026-07-02T19:26:47: [overpass] OK mirror=https://z.overpass-api.de/api/interpreter ms=2349 total=2360ms elements=30
2026-07-02T19:26:47: [chat/scrubbers] markdown/name/annonce scrubbed before_len=68 after_len=67
2026-07-02T19:26:47: [chat/tools] search_place({"amenity":"restaurant","city":"Paris"})→ok=true
2026-07-02T19:32:46: [chat/scrubbers] markdown/name/annonce scrubbed before_len=17 after_len=0
2026-07-02T19:32:46: [chat/tools] search_youtube({"query":"recette pâtes carbonara facile rapide"})→ok=true
2026-07-02T19:38:48: [chat/tools] search_recipe({"query":"pâtes carbonara"})→ok=true
2026-07-02T19:44:46: [chat/tools] get_weather({"city":"Marseille"})→ok=true
2026-07-02T19:50:49: [overpass] OK mirror=https://lz4.overpass-api.de/api/interpreter ms=3834 total=3852ms elements=30
2026-07-02T19:50:49: [chat/scrubbers] markdown/name/annonce scrubbed before_len=33 after_len=9
2026-07-02T19:50:49: [chat/tools] search_place({"amenity":"restaurant","city":"Paris"})→ok=true
2026-07-02T19:56:45: [chat/scrubbers] markdown/name/annonce scrubbed before_len=30 after_len=13
2026-07-02T19:56:45: [chat/tools] search_place({"amenity":"restaurant","city":"Paris"})→ok=true
2026-07-02T20:02:46: [overpass] OK mirror=https://lz4.overpass-api.de/api/interpreter ms=640 total=654ms elements=30
2026-07-02T20:02:46: [chat/scrubbers] markdown/name/annonce scrubbed before_len=42 after_len=19
2026-07-02T20:02:46: [chat/tools] search_place({"amenity":"restaurant","city":"Berlin"})→ok=true
2026-07-02T20:08:47: [chat/scrubbers] markdown/name/annonce scrubbed before_len=349 after_len=333
2026-07-02T20:14:48: [overpass] OK mirror=https://z.overpass-api.de/api/interpreter ms=2657 total=2663ms elements=30
2026-07-02T20:14:48: [chat/scrubbers] markdown/name/annonce scrubbed before_len=24 after_len=9
2026-07-02T20:14:48: [chat/tools] search_place({"amenity":"restaurant","city":"Paris Bastille"})→ok=true
2026-07-02T20:20:46: [chat/tools] search_recipe({"query":"gâteau au chocolat facile rapide"})→ok=true
2026-07-02T20:26:48: [overpass] OK mirror=https://z.overpass-api.de/api/interpreter ms=1563 total=1583ms elements=30
2026-07-02T20:26:48: [chat/tools] search_place({"amenity":"restaurant","city":"Paris 10e"})→ok=true
2026-07-02T20:32:47: [overpass] OK mirror=https://lz4.overpass-api.de/api/interpreter ms=825 total=832ms elements=30
2026-07-02T20:32:47: [chat/scrubbers] markdown/name/annonce scrubbed before_len=28 after_len=9
2026-07-02T20:32:47: [chat/tools] search_recipe({"query":"pâtes aux truffes rapide"})→ok=true | search_place({"amenity":"restaurant","city":"Paris"})→ok=true
2026-07-02T20:38:46: [overpass] OK mirror=https://lz4.overpass-api.de/api/interpreter ms=471 total=476ms elements=30
2026-07-02T20:38:46: [chat/scrubbers] markdown/name/annonce scrubbed before_len=33 after_len=9
2026-07-02T20:38:46: [chat/tools] search_place({"amenity":"restaurant","city":"Lille"})→ok=true
2026-07-02T20:44:45: [chat/tools] get_weather({"city":"Tokyo"})→ok=true
2026-07-02T20:50:46: [overpass] OK mirror=https://lz4.overpass-api.de/api/interpreter ms=1426 total=1438ms elements=30
2026-07-02T20:50:46: [chat/tools] search_place({"amenity":"hotel","city":"Paris"})→ok=true
2026-07-02T20:56:47: [chat/scrubbers] markdown/name/annonce scrubbed before_len=67 after_len=66
2026-07-02T20:56:47: [chat/tools] search_recipe({"query":"poulet poêle rapide"})→ok=true
2026-07-02T21:02:46: [chat/scrubbers] markdown/name/annonce scrubbed before_len=26 after_len=9
2026-07-02T21:02:46: [chat/tools] search_recipe({"query":"pâtes faciles peu d'ingrédients"})→ok=true
2026-07-02T21:08:46: [overpass] OK mirror=https://overpass-api.de/api/interpreter ms=757 total=761ms elements=30
2026-07-02T21:08:46: [chat/scrubbers] markdown/name/annonce scrubbed before_len=33 after_len=9
2026-07-02T21:08:46: [chat/tools] search_place({"amenity":"restaurant","city":"Paris 10e"})→ok=true
2026-07-02T21:14:46: [overpass] OK mirror=https://lz4.overpass-api.de/api/interpreter ms=1121 total=1135ms elements=30
2026-07-02T21:14:46: [chat/tools] search_place({"amenity":"restaurant","city":"Lyon"})→ok=true
2026-07-02T21:20:46: [overpass] OK mirror=https://z.overpass-api.de/api/interpreter ms=700 total=709ms elements=30
2026-07-02T21:20:46: [chat/tools] search_place({"amenity":"bar","city":"Paris"})→ok=true
2026-07-02T21:26:47: [overpass] OK mirror=https://overpass-api.de/api/interpreter ms=1037 total=1043ms elements=30
2026-07-02T21:26:47: [chat/tools] search_place({"amenity":"restaurant","city":"Paris 11e"})→ok=true
2026-07-02T21:32:46: [chat/scrubbers] markdown/name/annonce scrubbed before_len=28 after_len=9
2026-07-02T21:32:46: [chat/tools] search_youtube({"query":"chat danse reggaeton"})→ok=true
2026-07-02T21:38:49: [chat/scrubbers] markdown/name/annonce scrubbed before_len=577 after_len=565
2026-07-02T21:44:46: [overpass] OK mirror=https://lz4.overpass-api.de/api/interpreter ms=777 total=784ms elements=30
2026-07-02T21:44:46: [chat/scrubbers] markdown/name/annonce scrubbed before_len=33 after_len=9
2026-07-02T21:44:46: [chat/tools] search_place({"amenity":"restaurant","city":"Paris"})→ok=true
2026-07-02T21:50:45: [chat/tools] search_place({"amenity":"restaurant","city":"Paris"})→ok=true
2026-07-02T21:56:46: [overpass] OK mirror=https://overpass-api.de/api/interpreter ms=622 total=630ms elements=30
2026-07-02T21:56:46: [chat/scrubbers] markdown/name/annonce scrubbed before_len=50 after_len=49
2026-07-02T21:56:46: [chat/tools] search_place({"amenity":"restaurant","city":"Paris Bastille"})→ok=true
2026-07-02T22:02:48: [overpass] OK mirror=https://lz4.overpass-api.de/api/interpreter ms=2042 total=2052ms elements=30
2026-07-02T22:02:48: [chat/tools] search_place({"amenity":"restaurant","city":"Paris"})→ok=true
2026-07-02T22:08:45: [chat/tools] search_place({"amenity":"restaurant","city":"Paris"})→ok=true
2026-07-02T22:20:46: [chat/tools] search_web({"query":"films Brad Pitt meilleurs films"})→ok=true | search_web({"query":"films similaires à Snatch Guy Ritchie"})→ok=true
2026-07-02T22:26:47: [chat/tools] search_recipe({"query":"pâtes rapide facile"})→ok=true
2026-07-02T22:32:45: [overpass] OK mirror=https://lz4.overpass-api.de/api/interpreter ms=463 total=473ms elements=30
2026-07-02T22:32:45: [chat/scrubbers] markdown/name/annonce scrubbed before_len=23 after_len=0
2026-07-02T22:32:45: [chat/tools] search_place({"amenity":"restaurant","city":"Bordeaux"})→ok=true
2026-07-02T22:38:46: [overpass] OK mirror=https://z.overpass-api.de/api/interpreter ms=600 total=610ms elements=30
2026-07-02T22:38:46: [chat/tools] search_place({"amenity":"restaurant","city":"Paris 10e"})→ok=true
2026-07-02T22:44:45: [chat/scrubbers] markdown/name/annonce scrubbed before_len=59 after_len=45
2026-07-02T22:44:45: [chat/tools] search_music({"query":"rock français années 80"})→ok=true | search_youtube({"query":"playlist rock français années 80"})→ok=true
2026-07-02T22:50:46: [overpass] OK mirror=https://lz4.overpass-api.de/api/interpreter ms=621 total=627ms elements=30
2026-07-02T22:50:46: [chat/scrubbers] markdown/name/annonce scrubbed before_len=75 after_len=56
2026-07-02T22:50:46: [chat/tools] search_place({"amenity":"restaurant","city":"Évry-Courcouronnes"})→ok=true
2026-07-02T22:56:46: [overpass] OK mirror=https://lz4.overpass-api.de/api/interpreter ms=789 total=803ms elements=30
2026-07-02T22:56:46: [chat/scrubbers] markdown/name/annonce scrubbed before_len=33 after_len=9
2026-07-02T22:56:46: [chat/tools] search_place({"amenity":"restaurant","city":"Paris 11e"})→ok=true
2026-07-02T23:02:45: [chat/scrubbers] markdown/name/annonce scrubbed before_len=142 after_len=141
2026-07-02T23:08:46: [overpass] OK mirror=https://z.overpass-api.de/api/interpreter ms=846 total=857ms elements=30
2026-07-02T23:08:46: [chat/tools] search_place({"amenity":"restaurant","city":"Paris 11e"})→ok=true
2026-07-02T23:14:46: [overpass] OK mirror=https://lz4.overpass-api.de/api/interpreter ms=787 total=798ms elements=30
2026-07-02T23:14:46: [chat/scrubbers] markdown/name/annonce scrubbed before_len=75 after_len=58
2026-07-02T23:14:46: [chat/tools] search_place({"amenity":"restaurant","city":"Paris 10e"})→ok=true
2026-07-02T23:20:45: [overpass] OK mirror=https://overpass-api.de/api/interpreter ms=306 total=311ms elements=30
2026-07-02T23:20:45: [chat/scrubbers] markdown/name/annonce scrubbed before_len=33 after_len=9
2026-07-02T23:20:45: [chat/tools] search_place({"amenity":"hotel","city":"Marrakech"})→ok=true
2026-07-02T23:26:45: [chat/tools] search_recipe({"query":"poulet légumes facile"})→ok=true
2026-07-02T23:32:51: [chat/tools] search_web({"query":"site:booking.com hôtel Barcelone"})→ok=true
2026-07-02T23:38:45: [chat/scrubbers] markdown/name/annonce scrubbed before_len=69 after_len=67
2026-07-02T23:44:46: [overpass] OK mirror=https://z.overpass-api.de/api/interpreter ms=958 total=965ms elements=30
2026-07-02T23:44:46: [chat/scrubbers] markdown/name/annonce scrubbed before_len=33 after_len=9
2026-07-02T23:44:46: [chat/tools] search_place({"amenity":"restaurant","city":"Paris"})→ok=true
2026-07-02T23:50:44: [chat/tools] get_weather({"city":"Paris"})→ok=true
2026-07-02T23:56:47: [overpass] OK mirror=https://z.overpass-api.de/api/interpreter ms=1170 total=1177ms elements=30
2026-07-02T23:56:47: [chat/tools] search_place({"amenity":"restaurant","city":"Montpellier"})→ok=true
2026-07-03T00:02:45: [overpass] OK mirror=https://overpass-api.de/api/interpreter ms=751 total=756ms elements=30
2026-07-03T00:02:45: [chat/tools] search_place({"amenity":"hotel","city":"Barcelone"})→ok=true
2026-07-03T00:08:46: [overpass] OK mirror=https://z.overpass-api.de/api/interpreter ms=1200 total=1216ms elements=30
2026-07-03T00:08:46: [chat/scrubbers] markdown/name/annonce scrubbed before_len=86 after_len=85
2026-07-03T00:08:46: [chat/tools] search_place({"amenity":"restaurant","city":"Paris"})→ok=true
2026-07-03T00:14:45: [chat/tools] search_youtube({"query":"vidéos drôles humour français 2024"})→ok=true
2026-07-03T00:20:51: [chat/scrubbers] markdown/name/annonce scrubbed before_len=83 after_len=82
2026-07-03T00:20:51: [chat/tools] search_web({"query":"site:thefork.fr Lyon"})→ok=true
2026-07-03T00:26:46: [overpass] OK mirror=https://z.overpass-api.de/api/interpreter ms=956 total=962ms elements=30
2026-07-03T00:26:46: [chat/scrubbers] markdown/name/annonce scrubbed before_len=38 after_len=13
2026-07-03T00:26:46: [chat/tools] search_place({"amenity":"restaurant","city":"Montmartre Paris"})→ok=true
2026-07-03T00:32:45: [chat/scrubbers] markdown/name/annonce scrubbed before_len=33 after_len=9
2026-07-03T00:32:45: [chat/tools] search_place({"amenity":"restaurant","city":"Paris Montmartre"})→ok=true
2026-07-03T00:38:45: [overpass] OK mirror=https://lz4.overpass-api.de/api/interpreter ms=179 total=187ms elements=7
2026-07-03T00:38:45: [chat/tools] search_place({"amenity":"restaurant","city":"Paris 10"})→ok=true
2026-07-03T00:44:47: [chat/scrubbers] markdown/name/annonce scrubbed before_len=794 after_len=766
2026-07-03T00:50:45: [overpass] OK mirror=https://z.overpass-api.de/api/interpreter ms=941 total=948ms elements=30
2026-07-03T00:50:45: [chat/scrubbers] markdown/name/annonce scrubbed before_len=33 after_len=9
2026-07-03T00:50:45: [chat/tools] search_place({"amenity":"restaurant","city":"Paris 6e"})→ok=true
2026-07-03T00:56:46: [overpass] OK mirror=https://z.overpass-api.de/api/interpreter ms=595 total=600ms elements=30
2026-07-03T00:56:46: [chat/scrubbers] markdown/name/annonce scrubbed before_len=33 after_len=9
2026-07-03T00:56:46: [chat/tools] search_place({"amenity":"restaurant","city":"Paris"})→ok=true
2026-07-03T01:02:44: [chat/tools] search_place({"amenity":"restaurant","city":"Paris"})→ok=true
2026-07-03T01:08:45: [chat/scrubbers] markdown/name/annonce scrubbed before_len=44 after_len=43
2026-07-03T01:08:45: [chat/tools] search_recipe({"query":"poulet pâtes facile"})→ok=true
2026-07-03T01:14:46: [overpass] OK mirror=https://overpass-api.de/api/interpreter ms=746 total=755ms elements=30
2026-07-03T01:14:46: [chat/scrubbers] markdown/name/annonce scrubbed before_len=22 after_len=4
2026-07-03T01:14:46: [chat/tools] search_place({"amenity":"restaurant","city":"Grenelle Paris"})→ok=true
2026-07-03T01:20:46: [overpass] OK mirror=https://lz4.overpass-api.de/api/interpreter ms=494 total=504ms elements=30
2026-07-03T01:20:46: [chat/tools] search_place({"amenity":"cafe","city":"Montpellier"})→ok=true
2026-07-03T01:26:44: [chat/scrubbers] markdown/name/annonce scrubbed before_len=53 after_len=52
2026-07-03T01:26:44: [chat/tools] get_weather({"city":"Paris"})→ok=true
2026-07-03T01:32:46: [overpass] OK mirror=https://z.overpass-api.de/api/interpreter ms=2091 total=2103ms elements=30
2026-07-03T01:32:46: [chat/tools] search_place({"amenity":"restaurant","city":"Paris"})→ok=true
2026-07-03T01:44:46: [overpass] OK mirror=https://overpass-api.de/api/interpreter ms=586 total=591ms elements=30
2026-07-03T01:44:46: [chat/tools] search_place({"amenity":"restaurant","city":"Paris 10e"})→ok=true
2026-07-03T01:50:45: [chat/scrubbers] markdown/name/annonce scrubbed before_len=33 after_len=9
2026-07-03T01:50:45: [chat/tools] search_place({"amenity":"restaurant","city":"Paris 10e"})→ok=true
2026-07-03T01:56:46: [overpass] OK mirror=https://overpass-api.de/api/interpreter ms=1289 total=1293ms elements=30
2026-07-03T01:56:46: [chat/scrubbers] markdown/name/annonce scrubbed before_len=31 after_len=0
2026-07-03T01:56:46: [chat/tools] search_place({"amenity":"hotel","city":"Barcelone"})→ok=true
2026-07-03T02:02:45: [chat/scrubbers] markdown/name/annonce scrubbed before_len=26 after_len=9
2026-07-03T02:02:45: [chat/tools] search_recipe({"query":"champignons végétarien rapide"})→ok=true
2026-07-03T02:08:46: [overpass] OK mirror=https://z.overpass-api.de/api/interpreter ms=765 total=776ms elements=30
2026-07-03T02:08:46: [chat/tools] search_place({"amenity":"restaurant","city":"Paris"})→ok=true
2026-07-03T02:14:50: [chat/scrubbers] markdown/name/annonce scrubbed before_len=33 after_len=9
2026-07-03T02:14:50: [chat/tools] search_place({"amenity":"bakery","city":"Paris 6e"})→ok=true
2026-07-03T02:20:45: [chat/tools] get_weather({"city":"Marseille"})→ok=true
2026-07-03T02:26:50: [overpass] OK mirror=https://overpass-api.de/api/interpreter ms=4751 total=4756ms elements=7
2026-07-03T02:26:50: [chat/scrubbers] markdown/name/annonce scrubbed before_len=28 after_len=13
2026-07-03T02:26:50: [chat/tools] search_place({"amenity":"restaurant","city":"Paris 11"})→ok=true
2026-07-03T02:32:45: [overpass] OK mirror=https://lz4.overpass-api.de/api/interpreter ms=626 total=628ms elements=30
2026-07-03T02:32:45: [chat/scrubbers] markdown/name/annonce scrubbed before_len=66 after_len=65
2026-07-03T02:32:45: [chat/tools] search_place({"amenity":"restaurant","city":"Paris"})→ok=true
2026-07-03T02:38:45: [chat/scrubbers] markdown/name/annonce scrubbed before_len=38 after_len=37
2026-07-03T02:38:45: [chat/tools] search_place({"amenity":"restaurant","city":"Paris"})→ok=true
2026-07-03T02:44:46: [overpass] OK mirror=https://z.overpass-api.de/api/interpreter ms=502 total=508ms elements=30
2026-07-03T02:44:46: [chat/scrubbers] markdown/name/annonce scrubbed before_len=27 after_len=9
2026-07-03T02:44:46: [chat/tools] search_place({"amenity":"restaurant","city":"Paris"})→ok=true
2026-07-03T02:50:46: [overpass] OK mirror=https://overpass-api.de/api/interpreter ms=595 total=601ms elements=30
2026-07-03T02:50:46: [chat/scrubbers] markdown/name/annonce scrubbed before_len=33 after_len=9
2026-07-03T02:50:46: [chat/tools] search_place({"amenity":"restaurant","city":"Paris 13e"})→ok=true
2026-07-03T02:56:46: [overpass] OK mirror=https://overpass-api.de/api/interpreter ms=720 total=729ms elements=30
2026-07-03T02:56:46: [chat/scrubbers] markdown/name/annonce scrubbed before_len=53 after_len=51
2026-07-03T02:56:46: [chat/tools] search_place({"amenity":"hotel","city":"Barcelone"})→ok=true
2026-07-03T03:02:44: [chat/scrubbers] markdown/name/annonce scrubbed before_len=77 after_len=76
2026-07-03T03:08:46: [overpass] OK mirror=https://overpass-api.de/api/interpreter ms=1803 total=1813ms elements=30
2026-07-03T03:08:46: [chat/tools] search_place({"amenity":"restaurant","city":"Paris"})→ok=true
2026-07-03T03:14:46: [overpass] OK mirror=https://overpass-api.de/api/interpreter ms=435 total=440ms elements=30
2026-07-03T03:14:46: [chat/scrubbers] markdown/name/annonce scrubbed before_len=66 after_len=32
2026-07-03T03:14:46: [chat/tools] search_place({"amenity":"bar","city":"Paris"})→ok=true
2026-07-03T03:20:50: [chat/scrubbers] markdown/name/annonce scrubbed before_len=18 after_len=0
2026-07-03T03:20:50: [chat/tools] search_web({"query":"site:booking.com hôtel Barcelone"})→ok=true
2026-07-03T03:26:45: [overpass] OK mirror=https://z.overpass-api.de/api/interpreter ms=638 total=644ms elements=30
2026-07-03T03:26:45: [chat/scrubbers] markdown/name/annonce scrubbed before_len=33 after_len=9
2026-07-03T03:26:45: [chat/tools] search_place({"amenity":"restaurant","city":"Paris 11e"})→ok=true
2026-07-03T03:32:46: [chat/tools] get_weather({"city":"Paris"})→ok=true
2026-07-03T03:38:45: [overpass] OK mirror=https://overpass-api.de/api/interpreter ms=730 total=733ms elements=30
2026-07-03T03:38:45: [chat/scrubbers] markdown/name/annonce scrubbed before_len=33 after_len=9
2026-07-03T03:38:45: [chat/tools] search_place({"amenity":"restaurant","city":"Paris Bastille"})→ok=true
2026-07-03T03:44:45: [chat/tools] search_place({"amenity":"restaurant","city":"Paris Bastille"})→ok=true
2026-07-03T03:50:47: [overpass] OK mirror=https://lz4.overpass-api.de/api/interpreter ms=1601 total=1606ms elements=30
2026-07-03T03:50:47: [chat/scrubbers] markdown/name/annonce scrubbed before_len=33 after_len=9
2026-07-03T03:50:47: [chat/tools] search_place({"amenity":"restaurant","city":"Paris 10e"})→ok=true
2026-07-03T03:56:47: [overpass] OK mirror=https://lz4.overpass-api.de/api/interpreter ms=1760 total=1764ms elements=30
2026-07-03T03:56:47: [chat/tools] search_place({"amenity":"hotel","city":"Paris"})→ok=true
2026-07-03T04:02:46: [overpass] OK mirror=https://z.overpass-api.de/api/interpreter ms=681 total=695ms elements=30
2026-07-03T04:02:46: [chat/tools] search_place({"amenity":"restaurant","city":"Paris 18e"})→ok=true
2026-07-03T04:08:45: [overpass] OK mirror=https://z.overpass-api.de/api/interpreter ms=583 total=602ms elements=30
2026-07-03T04:08:45: [chat/tools] search_place({"amenity":"restaurant","city":"Paris"})→ok=true
2026-07-03T04:14:46: [overpass] OK mirror=https://z.overpass-api.de/api/interpreter ms=549 total=557ms elements=30
2026-07-03T04:14:46: [chat/tools] search_place({"amenity":"restaurant","city":"Paris Bastille"})→ok=true
2026-07-03T04:20:47: [overpass] OK mirror=https://overpass-api.de/api/interpreter ms=1301 total=1306ms elements=30
2026-07-03T04:20:47: [chat/scrubbers] markdown/name/annonce scrubbed before_len=33 after_len=9
2026-07-03T04:20:47: [chat/tools] search_place({"amenity":"bar","city":"Lyon"})→ok=true
2026-07-03T04:26:46: [overpass] OK mirror=https://lz4.overpass-api.de/api/interpreter ms=637 total=650ms elements=30
2026-07-03T04:26:46: [chat/tools] search_place({"amenity":"restaurant","city":"Paris Bastille"})→ok=true
2026-07-03T04:32:46: [overpass] OK mirror=https://z.overpass-api.de/api/interpreter ms=1114 total=1120ms elements=30
2026-07-03T04:32:46: [chat/tools] search_place({"amenity":"hotel","city":"Paris"})→ok=true
2026-07-03T04:38:48: [overpass] OK mirror=https://z.overpass-api.de/api/interpreter ms=2773 total=2783ms elements=30
2026-07-03T04:38:48: [chat/tools] search_place({"amenity":"restaurant","city":"Paris"})→ok=true
2026-07-03T04:44:46: [overpass] OK mirror=https://z.overpass-api.de/api/interpreter ms=470 total=480ms elements=30
2026-07-03T04:44:46: [chat/scrubbers] markdown/name/annonce scrubbed before_len=85 after_len=84
2026-07-03T04:44:46: [chat/tools] search_place({"amenity":"bar","city":"Paris"})→ok=true | search_place({"amenity":"restaurant","city":"Paris"})→ok=true
2026-07-03T04:50:44: [chat/tools] get_weather({"city":"Tokyo"})→ok=true
2026-07-03T04:56:45: [overpass] OK mirror=https://z.overpass-api.de/api/interpreter ms=531 total=535ms elements=30
2026-07-03T04:56:45: [chat/tools] search_place({"amenity":"restaurant","city":"Paris"})→ok=true
2026-07-03T05:02:46: [overpass] OK mirror=https://overpass-api.de/api/interpreter ms=1433 total=1435ms elements=30
2026-07-03T05:02:46: [chat/tools] search_place({"amenity":"bakery","city":"Paris"})→ok=true
2026-07-03T05:08:45: [overpass] OK mirror=https://lz4.overpass-api.de/api/interpreter ms=303 total=310ms elements=25
2026-07-03T05:08:45: [chat/scrubbers] markdown/name/annonce scrubbed before_len=33 after_len=9
2026-07-03T05:08:45: [chat/tools] search_place({"amenity":"restaurant","city":"Lyon 5ème"})→ok=true
2026-07-03T05:14:46: [overpass] OK mirror=https://z.overpass-api.de/api/interpreter ms=1346 total=1360ms elements=30
2026-07-03T05:14:46: [chat/scrubbers] markdown/name/annonce scrubbed before_len=33 after_len=9
2026-07-03T05:14:46: [chat/tools] search_place({"amenity":"restaurant","city":"Paris Bastille"})→ok=true
2026-07-03T05:20:46: [overpass] OK mirror=https://overpass-api.de/api/interpreter ms=814 total=820ms elements=30
2026-07-03T05:20:46: [chat/scrubbers] markdown/name/annonce scrubbed before_len=52 after_len=34
2026-07-03T05:20:46: [chat/tools] search_place({"amenity":"bar","city":"Paris"})→ok=true
2026-07-03T05:26:45: [overpass] OK mirror=https://lz4.overpass-api.de/api/interpreter ms=222 total=228ms elements=30
2026-07-03T05:26:45: [chat/scrubbers] markdown/name/annonce scrubbed before_len=87 after_len=86
2026-07-03T05:26:45: [chat/tools] search_place({"amenity":"restaurant","city":"Lyon 9e"})→ok=true
2026-07-03T05:32:46: [overpass] OK mirror=https://overpass-api.de/api/interpreter ms=1513 total=1519ms elements=30
2026-07-03T05:32:46: [chat/tools] search_place({"amenity":"restaurant","city":"Paris"})→ok=true
2026-07-03T05:38:45: [chat/scrubbers] markdown/name/annonce scrubbed before_len=34 after_len=33
2026-07-03T05:38:45: [chat/tools] search_place({"amenity":"restaurant","city":"Paris"})→ok=true
2026-07-03T05:44:46: [overpass] OK mirror=https://z.overpass-api.de/api/interpreter ms=591 total=597ms elements=30
2026-07-03T05:44:46: [chat/scrubbers] markdown/name/annonce scrubbed before_len=33 after_len=9
2026-07-03T05:44:46: [chat/tools] search_place({"amenity":"restaurant","city":"Paris Montmartre"})→ok=true
2026-07-03T05:50:47: [overpass] OK mirror=https://lz4.overpass-api.de/api/interpreter ms=2059 total=2062ms elements=30
2026-07-03T05:50:47: [chat/tools] search_place({"amenity":"restaurant","city":"Paris Bastille"})→ok=true
2026-07-03T05:56:46: [overpass] OK mirror=https://overpass-api.de/api/interpreter ms=581 total=588ms elements=30
2026-07-03T05:56:46: [chat/tools] search_place({"amenity":"restaurant","city":"Paris 6e"})→ok=true
2026-07-03T06:02:45: [chat/tools] search_youtube({"query":"chat qui joue du piano"})→ok=true
2026-07-03T06:08:46: [chat/scrubbers] markdown/name/annonce scrubbed before_len=44 after_len=43
2026-07-03T06:08:46: [chat/tools] search_recipe({"query":"pâtes crémeuses poulet champignons"})→ok=true
2026-07-03T06:14:45: [chat/tools] search_youtube({"query":"chats trop mignons"})→ok=true
2026-07-03T06:20:45: [chat/tools] get_weather({"city":"Bordeaux"})→ok=true
2026-07-03T06:26:47: [overpass] OK mirror=https://z.overpass-api.de/api/interpreter ms=1014 total=1022ms elements=30
2026-07-03T06:26:47: [chat/scrubbers] markdown/name/annonce scrubbed before_len=33 after_len=9
2026-07-03T06:26:47: [chat/tools] search_place({"amenity":"restaurant","city":"Paris 10e"})→ok=true
2026-07-03T06:32:48: [overpass] OK mirror=https://overpass-api.de/api/interpreter ms=3050 total=3062ms elements=30
2026-07-03T06:32:48: [chat/scrubbers] markdown/name/annonce scrubbed before_len=33 after_len=9
2026-07-03T06:32:48: [chat/tools] search_place({"amenity":"restaurant","city":"Paris Bastille"})→ok=true
2026-07-03T06:38:45: [chat/scrubbers] markdown/name/annonce scrubbed before_len=33 after_len=9
2026-07-03T06:38:45: [chat/tools] search_place({"amenity":"restaurant","city":"Paris Bastille"})→ok=true
2026-07-03T06:44:46: [overpass] OK mirror=https://z.overpass-api.de/api/interpreter ms=338 total=350ms elements=30
2026-07-03T06:44:46: [chat/tools] search_place({"amenity":"restaurant","city":"Lyon"})→ok=true
2026-07-03T06:50:47: [overpass] OK mirror=https://lz4.overpass-api.de/api/interpreter ms=268 total=279ms elements=7
2026-07-03T06:50:47: [chat/scrubbers] markdown/name/annonce scrubbed before_len=33 after_len=9
2026-07-03T06:50:47: [chat/tools] search_place({"amenity":"restaurant","city":"Paris 10"})→ok=true
2026-07-03T06:56:46: [chat/scrubbers] markdown/name/annonce scrubbed before_len=37 after_len=36
2026-07-03T06:56:46: [chat/tools] get_weather({"city":"New York"})→ok=true
2026-07-03T07:02:51: [chat/tools] search_web({"query":"site:booking.com hôtel Barcelone"})→ok=true
2026-07-03T07:08:46: [overpass] OK mirror=https://lz4.overpass-api.de/api/interpreter ms=488 total=500ms elements=30
2026-07-03T07:08:46: [overpass] OK mirror=https://overpass-api.de/api/interpreter ms=647 total=661ms elements=30
2026-07-03T07:08:46: [chat/scrubbers] markdown/name/annonce scrubbed before_len=80 after_len=79
2026-07-03T07:08:46: [chat/tools] search_place({"amenity":"restaurant","city":"Paris Bastille"})→ok=true | search_place({"amenity":"fast_food","city":"Paris Bastille"})→ok=true
2026-07-03T07:14:46: [overpass] OK mirror=https://z.overpass-api.de/api/interpreter ms=695 total=723ms elements=30
2026-07-03T07:14:46: [chat/tools] search_place({"amenity":"shoes_repair","city":"Paris"})→ok=true
2026-07-03T07:20:46: [chat/scrubbers] markdown/name/annonce scrubbed before_len=33 after_len=9
2026-07-03T07:20:46: [chat/tools] search_place({"amenity":"restaurant","city":"Paris"})→ok=true
2026-07-03T07:26:46: [chat/tools] search_recipe({"query":"pâtes rapide ingrédients basiques"})→ok=true
2026-07-03T07:32:46: [overpass] OK mirror=https://z.overpass-api.de/api/interpreter ms=669 total=680ms elements=30
2026-07-03T07:32:46: [chat/tools] search_place({"amenity":"restaurant","city":"Paris"})→ok=true
2026-07-03T07:38:46: [overpass] OK mirror=https://z.overpass-api.de/api/interpreter ms=647 total=667ms elements=30
2026-07-03T07:38:47: [chat/tools] search_place({"amenity":"restaurant","city":"Paris Bastille"})→ok=true
2026-07-03T07:44:47: [overpass] OK mirror=https://overpass-api.de/api/interpreter ms=1225 total=1232ms elements=30
2026-07-03T07:44:47: [chat/tools] search_place({"amenity":"hotel","city":"Paris"})→ok=true
2026-07-03T07:50:50: [overpass] OK mirror=https://overpass-api.de/api/interpreter ms=1704 total=1708ms elements=30
2026-07-03T07:50:50: [chat/tools] search_place({"amenity":"restaurant","city":"Paris"})→ok=true
2026-07-03T07:56:47: [overpass] OK mirror=https://z.overpass-api.de/api/interpreter ms=615 total=631ms elements=30
2026-07-03T07:56:47: [chat/scrubbers] markdown/name/annonce scrubbed before_len=33 after_len=9
2026-07-03T07:56:47: [chat/tools] search_place({"amenity":"restaurant","city":"Paris 10e"})→ok=true
2026-07-03T08:02:46: [overpass] OK mirror=https://z.overpass-api.de/api/interpreter ms=1222 total=1229ms elements=30
2026-07-03T08:02:46: [chat/scrubbers] markdown/name/annonce scrubbed before_len=28 after_len=9
2026-07-03T08:02:46: [chat/tools] search_place({"amenity":"restaurant","city":"Paris"})→ok=true
2026-07-03T08:08:45: [chat/tools] search_place({"amenity":"restaurant","city":"Paris"})→ok=true
2026-07-03T08:14:51: [chat/scrubbers] markdown/name/annonce scrubbed before_len=33 after_len=9
2026-07-03T08:14:51: [chat/tools] search_place({"amenity":"restaurant","city":"Lille"})→ok=true
2026-07-03T08:20:51: [chat/tools] search_web({"query":"site:thefork.fr Paris 11e"})→ok=true
2026-07-03T08:26:46: [overpass] OK mirror=https://lz4.overpass-api.de/api/interpreter ms=711 total=723ms elements=30
2026-07-03T08:26:46: [chat/scrubbers] markdown/name/annonce scrubbed before_len=34 after_len=33
2026-07-03T08:26:46: [chat/tools] search_place({"amenity":"restaurant","city":"Paris 11e"})→ok=true
2026-07-03T08:32:46: [chat/scrubbers] markdown/name/annonce scrubbed before_len=59 after_len=58
2026-07-03T08:32:46: [chat/tools] search_recipe({"query":"pâtes carbonara facile rapide"})→ok=true
2026-07-03T08:38:46: [overpass] OK mirror=https://overpass-api.de/api/interpreter ms=450 total=459ms elements=30
2026-07-03T08:38:46: [chat/scrubbers] markdown/name/annonce scrubbed before_len=37 after_len=13
2026-07-03T08:38:46: [chat/tools] search_place({"amenity":"fast_food","city":"Montpellier"})→ok=true
2026-07-03T08:44:46: [overpass] OK mirror=https://overpass-api.de/api/interpreter ms=781 total=788ms elements=30
2026-07-03T08:44:46: [chat/scrubbers] markdown/name/annonce scrubbed before_len=33 after_len=9
2026-07-03T08:44:46: [chat/tools] search_place({"amenity":"restaurant","city":"Paris 10e"})→ok=true
2026-07-03T08:50:46: [chat/scrubbers] markdown/name/annonce scrubbed before_len=27 after_len=26
2026-07-03T08:50:46: [chat/tools] search_recipe({"query":"pâtes crémeuses rapide"})→ok=true
2026-07-03T08:56:47: [overpass] OK mirror=https://overpass-api.de/api/interpreter ms=1535 total=1561ms elements=30
2026-07-03T08:56:47: [chat/tools] search_place({"amenity":"hotel","city":"Paris"})→ok=true
2026-07-03T09:02:46: [overpass] OK mirror=https://z.overpass-api.de/api/interpreter ms=799 total=807ms elements=30
2026-07-03T09:02:46: [chat/scrubbers] markdown/name/annonce scrubbed before_len=33 after_len=9
2026-07-03T09:02:46: [chat/tools] search_place({"amenity":"restaurant","city":"Paris Bastille"})→ok=true
2026-07-03T09:08:48: [overpass] OK mirror=https://overpass-api.de/api/interpreter ms=963 total=970ms elements=30
2026-07-03T09:08:48: [chat/scrubbers] markdown/name/annonce scrubbed before_len=33 after_len=9
2026-07-03T09:08:48: [chat/tools] search_place({"amenity":"restaurant","city":"Paris 11e"})→ok=true
2026-07-03T09:14:46: [overpass] OK mirror=https://z.overpass-api.de/api/interpreter ms=376 total=383ms elements=30
2026-07-03T09:14:46: [chat/scrubbers] markdown/name/annonce scrubbed before_len=33 after_len=9
2026-07-03T09:14:46: [chat/tools] search_place({"amenity":"restaurant","city":"Montpellier centre"})→ok=true
2026-07-03T09:20:47: [overpass] OK mirror=https://overpass-api.de/api/interpreter ms=1026 total=1034ms elements=30
2026-07-03T09:20:47: [chat/scrubbers] markdown/name/annonce scrubbed before_len=33 after_len=9
2026-07-03T09:20:47: [chat/tools] search_place({"amenity":"hotel","city":"Barcelone"})→ok=true
2026-07-03T09:26:47: [overpass] OK mirror=https://overpass-api.de/api/interpreter ms=1191 total=1197ms elements=30
2026-07-03T09:26:47: [chat/tools] search_place({"amenity":"restaurant","city":"Paris 14e"})→ok=true
2026-07-03T09:32:46: [chat/tools] search_youtube({"query":"chat qui fait du skateboard drôle"})→ok=true
2026-07-03T09:38:46: [chat/tools] search_recipe({"query":"pâtes carbonara sans crème"})→ok=true
2026-07-03T09:44:47: [overpass] OK mirror=https://lz4.overpass-api.de/api/interpreter ms=1274 total=1282ms elements=30
2026-07-03T09:44:47: [chat/tools] search_place({"amenity":"restaurant","city":"Paris"})→ok=true
2026-07-03T09:50:46: [chat/tools] get_weather({"city":"Tokyo"})→ok=true
2026-07-03T09:56:46: [chat/scrubbers] markdown/name/annonce scrubbed before_len=38 after_len=9
2026-07-03T09:56:46: [chat/tools] search_youtube({"query":"tuto noeud cravate facile rapide"})→ok=true
2026-07-03T10:02:48: [overpass] OK mirror=https://z.overpass-api.de/api/interpreter ms=1216 total=1233ms elements=30
2026-07-03T10:02:48: [chat/tools] search_place({"amenity":"restaurant","city":"Paris"})→ok=true
2026-07-03T10:08:48: [overpass] OK mirror=https://lz4.overpass-api.de/api/interpreter ms=3112 total=3163ms elements=30
2026-07-03T10:08:49: [chat/scrubbers] markdown/name/annonce scrubbed before_len=33 after_len=9
2026-07-03T10:08:49: [chat/tools] search_place({"amenity":"restaurant","city":"Paris 10e"})→ok=true
2026-07-03T10:14:47: [overpass] OK mirror=https://overpass-api.de/api/interpreter ms=2167 total=2173ms elements=30
2026-07-03T10:14:47: [chat/tools] search_place({"amenity":"hotel","city":"Paris"})→ok=true
2026-07-03T10:20:46: [overpass] OK mirror=https://z.overpass-api.de/api/interpreter ms=734 total=747ms elements=30
2026-07-03T10:20:46: [chat/scrubbers] markdown/name/annonce scrubbed before_len=33 after_len=9
2026-07-03T10:20:46: [chat/tools] search_place({"amenity":"restaurant","city":"Paris"})→ok=true
2026-07-03T10:26:46: [overpass] OK mirror=https://lz4.overpass-api.de/api/interpreter ms=1306 total=1318ms elements=30
2026-07-03T10:26:46: [chat/tools] search_place({"amenity":"hotel","city":"Paris"})→ok=true
2026-07-03T10:32:47: [overpass] OK mirror=https://z.overpass-api.de/api/interpreter ms=1136 total=1145ms elements=30
2026-07-03T10:32:47: [chat/scrubbers] markdown/name/annonce scrubbed before_len=33 after_len=9
2026-07-03T10:32:47: [chat/tools] search_place({"amenity":"restaurant","city":"Paris"})→ok=true
2026-07-03T10:38:48: [chat/tools] search_recipe({"query":"pâtes végétarien rapide 30 min"})→ok=true
2026-07-03T10:44:46: [overpass] OK mirror=https://z.overpass-api.de/api/interpreter ms=904 total=914ms elements=30
2026-07-03T10:44:46: [chat/scrubbers] markdown/name/annonce scrubbed before_len=33 after_len=9
2026-07-03T10:44:46: [chat/tools] search_place({"amenity":"restaurant","city":"Paris 10e"})→ok=true
2026-07-03T10:50:48: [overpass] OK mirror=https://z.overpass-api.de/api/interpreter ms=2755 total=2765ms elements=30
2026-07-03T10:50:48: [chat/scrubbers] markdown/name/annonce scrubbed before_len=26 after_len=9
2026-07-03T10:50:48: [chat/tools] search_place({"amenity":"hotel","city":"Paris"})→ok=true
2026-07-03T10:56:46: [overpass] OK mirror=https://lz4.overpass-api.de/api/interpreter ms=886 total=895ms elements=30
2026-07-03T10:56:46: [chat/scrubbers] markdown/name/annonce scrubbed before_len=33 after_len=9
2026-07-03T10:56:46: [chat/tools] search_place({"amenity":"restaurant","city":"Paris 10e"})→ok=true
2026-07-03T11:02:45: [chat/scrubbers] markdown/name/annonce scrubbed before_len=79 after_len=78
2026-07-03T11:02:45: [chat/tools] search_place({"amenity":"restaurant","city":"Paris 10e"})→ok=true
2026-07-03T11:08:46: [chat/tools] get_weather({"city":"Paris"})→ok=true
2026-07-03T11:14:48: [chat/scrubbers] markdown/name/annonce scrubbed before_len=159 after_len=158
2026-07-03T11:14:48: [chat/tools] get_weather({"city":"New York"})→ok=true
2026-07-03T11:20:46: [overpass] OK mirror=https://lz4.overpass-api.de/api/interpreter ms=1379 total=1389ms elements=30
2026-07-03T11:20:46: [chat/scrubbers] markdown/name/annonce scrubbed before_len=23 after_len=0
2026-07-03T11:20:46: [chat/tools] search_place({"amenity":"hotel","city":"Paris"})→ok=true
2026-07-03T11:26:47: [overpass] OK mirror=https://z.overpass-api.de/api/interpreter ms=1162 total=1171ms elements=30
2026-07-03T11:26:47: [chat/tools] search_place({"amenity":"restaurant","city":"Paris"})→ok=true
2026-07-03T11:32:45: [chat/scrubbers] markdown/name/annonce scrubbed before_len=33 after_len=9
2026-07-03T11:32:45: [chat/tools] search_place({"amenity":"restaurant","city":"Paris"})→ok=true
2026-07-03T11:38:47: [chat/scrubbers] markdown/name/annonce scrubbed before_len=41 after_len=40
2026-07-03T11:38:47: [chat/tools] search_youtube({"query":"vidéos drôles humour français 2024"})→ok=true
2026-07-03T11:44:48: [overpass] OK mirror=https://lz4.overpass-api.de/api/interpreter ms=1007 total=1026ms elements=30
2026-07-03T11:44:48: [chat/tools] search_place({"amenity":"restaurant","city":"Lyon 3e"})→ok=true
2026-07-03T11:50:46: [overpass] OK mirror=https://lz4.overpass-api.de/api/interpreter ms=822 total=838ms elements=30
2026-07-03T11:50:46: [chat/scrubbers] markdown/name/annonce scrubbed before_len=33 after_len=9
2026-07-03T11:50:46: [chat/tools] search_place({"amenity":"fast_food","city":"Paris 3e"})→ok=true
2026-07-03T11:56:47: [chat/tools] get_weather({"city":"Nice"})→ok=true
2026-07-03T12:02:46: [overpass] OK mirror=https://overpass-api.de/api/interpreter ms=599 total=604ms elements=30
2026-07-03T12:02:46: [chat/tools] search_place({"amenity":"hotel","city":"Barcelone"})→ok=true
2026-07-03T12:08:47: [overpass] OK mirror=https://lz4.overpass-api.de/api/interpreter ms=1150 total=1264ms elements=30
2026-07-03T12:08:48: [chat/tools] search_place({"amenity":"restaurant","city":"Paris"})→ok=true
2026-07-03T12:14:45: [overpass] OK mirror=https://z.overpass-api.de/api/interpreter ms=500 total=509ms elements=30
2026-07-03T12:14:45: [chat/tools] search_place({"amenity":"restaurant","city":"Barcelone"})→ok=true
2026-07-03T12:20:46: [overpass] OK mirror=https://overpass-api.de/api/interpreter ms=701 total=708ms elements=30
2026-07-03T12:20:46: [chat/scrubbers] markdown/name/annonce scrubbed before_len=33 after_len=9
2026-07-03T12:20:46: [chat/tools] search_place({"amenity":"hotel","city":"Bordeaux"})→ok=true
2026-07-03T12:26:47: [overpass] OK mirror=https://lz4.overpass-api.de/api/interpreter ms=793 total=802ms elements=30
2026-07-03T12:26:47: [chat/tools] search_place({"amenity":"restaurant","city":"Paris"})→ok=true
2026-07-03T12:32:48: [overpass] OK mirror=https://z.overpass-api.de/api/interpreter ms=1437 total=1451ms elements=30
2026-07-03T12:32:48: [chat/tools] search_place({"amenity":"hotel","city":"Paris"})→ok=true
2026-07-03T12:38:46: [overpass] OK mirror=https://overpass-api.de/api/interpreter ms=274 total=279ms elements=0
2026-07-03T12:38:48: [chat/tools] search_web({"query":"site:thefork.fr Bruxelles centre"})→ok=true
2026-07-03T12:44:47: [overpass] OK mirror=https://lz4.overpass-api.de/api/interpreter ms=1527 total=1606ms elements=30
2026-07-03T12:44:47: [chat/tools] search_place({"amenity":"hotel","city":"Paris"})→ok=true
2026-07-03T12:50:46: [chat/scrubbers] markdown/name/annonce scrubbed before_len=55 after_len=54
2026-07-03T12:50:46: [chat/tools] search_recipe({"query":"pâtes rapide simple"})→ok=true
2026-07-03T12:56:51: [chat/tools] search_web({"query":"tiktok trouve moi un bon tattoo shop à paris pas t)→ok=true
2026-07-03T13:02:46: [chat/tools] search_recipe({"query":"poulet pâtes facile"})→ok=true
2026-07-03T13:08:52: [chat/scrubbers] markdown/name/annonce scrubbed before_len=33 after_len=9
2026-07-03T13:08:52: [chat/tools] search_web({"query":"site:thefork.fr Tokyo Shinjuku"})→ok=true
2026-07-03T13:14:52: [chat/scrubbers] markdown/name/annonce scrubbed before_len=36 after_len=11
2026-07-03T13:14:52: [chat/tools] search_web({"query":"site:thefork.fr Paris 11e"})→ok=true
2026-07-03T13:20:46: [chat/tools] get_weather({"city":"Tokyo"})→ok=true
2026-07-03T13:26:45: [chat/tools] search_recipe({"query":"tiramisu sans alcool"})→ok=true
2026-07-03T13:32:47: [chat/scrubbers] markdown/name/annonce scrubbed before_len=70 after_len=69
2026-07-03T13:32:47: [chat/tools] search_recipe({"query":"pâtes au fromage rapide"})→ok=true
2026-07-03T13:38:49: [overpass] OK mirror=https://overpass-api.de/api/interpreter ms=4014 total=4025ms elements=30
2026-07-03T13:38:49: [chat/tools] search_place({"amenity":"restaurant","city":"Paris Bastille"})→ok=true
2026-07-03T13:44:46: [overpass] OK mirror=https://lz4.overpass-api.de/api/interpreter ms=728 total=736ms elements=30
2026-07-03T13:44:46: [chat/scrubbers] markdown/name/annonce scrubbed before_len=33 after_len=9
2026-07-03T13:44:46: [chat/tools] search_place({"amenity":"restaurant","city":"Paris 11e"})→ok=true
2026-07-03T13:50:47: [overpass] OK mirror=https://overpass-api.de/api/interpreter ms=722 total=728ms elements=30
2026-07-03T13:50:47: [chat/tools] search_place({"amenity":"restaurant","city":"Paris"})→ok=true
2026-07-03T13:56:46: [chat/scrubbers] markdown/name/annonce scrubbed before_len=28 after_len=9
2026-07-03T13:56:46: [chat/tools] search_youtube({"query":"chats drôles vidéos humour"})→ok=true
2026-07-03T14:02:49: [overpass] OK mirror=https://overpass-api.de/api/interpreter ms=2775 total=2782ms elements=30
2026-07-03T14:02:49: [chat/scrubbers] markdown/name/annonce scrubbed before_len=34 after_len=9
2026-07-03T14:02:49: [chat/tools] search_place({"amenity":"restaurant","city":"Paris 10e"})→ok=true
2026-07-03T14:08:53: [chat/scrubbers] markdown/name/annonce scrubbed before_len=34 after_len=9
2026-07-03T14:08:53: [chat/tools] search_web({"query":"site:thefork.fr Paris Bastille"})→ok=true
2026-07-03T14:14:46: [chat/tools] search_recipe({"query":"pâtes rapide"})→ok=true
2026-07-03T14:20:46: [overpass] OK mirror=https://lz4.overpass-api.de/api/interpreter ms=496 total=501ms elements=30
2026-07-03T14:20:46: [chat/scrubbers] markdown/name/annonce scrubbed before_len=33 after_len=9
2026-07-03T14:20:46: [chat/tools] search_place({"amenity":"restaurant","city":"Montpellier"})→ok=true
2026-07-03T14:26:45: [chat/scrubbers] markdown/name/annonce scrubbed before_len=26 after_len=9
2026-07-03T14:26:45: [chat/tools] search_recipe({"query":"plat unique rapide léger"})→ok=true
2026-07-03T14:32:46: [chat/scrubbers] markdown/name/annonce scrubbed before_len=535 after_len=519
2026-07-03T14:38:45: [chat/tools] get_weather({"city":"Paris"})→ok=true
2026-07-03T14:44:49: [overpass] OK mirror=https://overpass-api.de/api/interpreter ms=3971 total=4460ms elements=30
2026-07-03T14:44:50: [chat/scrubbers] markdown/name/annonce scrubbed before_len=33 after_len=9
2026-07-03T14:44:50: [chat/tools] search_place({"amenity":"restaurant","city":"Paris 10e"})→ok=true
2026-07-03T14:50:48: [chat/scrubbers] markdown/name/annonce scrubbed before_len=21 after_len=4
2026-07-03T14:50:48: [chat/tools] search_recipe({"query":"cookies vegan"})→ok=true
2026-07-03T14:56:46: [chat/tools] get_weather({"city":"Tokyo"})→ok=true
2026-07-03T15:02:52: [chat/scrubbers] markdown/name/annonce scrubbed before_len=33 after_len=9
2026-07-03T15:02:52: [chat/tools] search_web({"query":"site:thefork.fr Paris"})→ok=true
2026-07-03T15:08:48: [overpass] OK mirror=https://z.overpass-api.de/api/interpreter ms=2759 total=2766ms elements=30
2026-07-03T15:08:48: [chat/tools] search_place({"amenity":"hotel","city":"Paris"})→ok=true
2026-07-03T15:14:48: [chat/tools] search_music({"query":"musique calme pour dormir chill"})→ok=true
2026-07-03T15:20:49: [overpass] OK mirror=https://z.overpass-api.de/api/interpreter ms=1534 total=1549ms elements=30
2026-07-03T15:20:49: [chat/tools] search_place({"amenity":"restaurant","city":"Paris"})→ok=true
2026-07-03T15:26:47: [overpass] OK mirror=https://overpass-api.de/api/interpreter ms=1656 total=1660ms elements=30
2026-07-03T15:26:47: [chat/tools] search_place({"amenity":"hotel","city":"Barcelone"})→ok=true
2026-07-03T15:32:45: [chat/scrubbers] markdown/name/annonce scrubbed before_len=86 after_len=85
2026-07-03T15:38:52: [chat/tools] search_web({"query":"site:thefork.fr Nice"})→ok=true
2026-07-03T15:44:45: [chat/tools] get_weather({"city":"Paris"})→ok=true
2026-07-03T15:50:46: [chat/scrubbers] markdown/name/annonce scrubbed before_len=51 after_len=50
2026-07-03T15:50:46: [chat/tools] search_recipe({"query":"pâtes rapide"})→ok=true
2026-07-03T15:56:50: [overpass] OK mirror=https://overpass-api.de/api/interpreter ms=2156 total=2166ms elements=30
2026-07-03T15:56:50: [chat/scrubbers] markdown/name/annonce scrubbed before_len=87 after_len=86
2026-07-03T15:56:50: [chat/tools] search_place({"amenity":"restaurant","city":"Montpellier"})→ok=true
2026-07-03T16:02:48: [overpass] OK mirror=https://overpass-api.de/api/interpreter ms=443 total=448ms elements=30
2026-07-03T16:02:48: [chat/tools] search_place({"amenity":"restaurant","city":"Lyon 6e"})→ok=true
2026-07-03T16:08:48: [overpass] OK mirror=https://z.overpass-api.de/api/interpreter ms=1552 total=1559ms elements=30
2026-07-03T16:08:48: [chat/tools] search_place({"amenity":"restaurant","city":"Paris 11e"})→ok=true
2026-07-03T16:14:47: [chat/tools] search_recipe({"query":"pâtes carbonara facile"})→ok=true
2026-07-03T16:20:48: [chat/tools] search_recipe({"query":"pâtes carbonara sans crème"})→ok=true
2026-07-03T16:26:49: [overpass] OK mirror=https://overpass-api.de/api/interpreter ms=1341 total=1357ms elements=30
2026-07-03T16:26:49: [chat/tools] search_place({"amenity":"hotel","city":"Lyon"})→ok=true
2026-07-03T16:32:46: [chat/scrubbers] markdown/name/annonce scrubbed before_len=27 after_len=9
2026-07-03T16:32:46: [chat/tools] search_recipe({"query":"pâtes rapide"})→ok=true
2026-07-03T16:38:52: [chat/scrubbers] markdown/name/annonce scrubbed before_len=33 after_len=9
2026-07-03T16:38:52: [chat/tools] search_web({"query":"site:thefork.fr Paris 5e"})→ok=true
2026-07-03T16:44:54: [chat/scrubbers] markdown/name/annonce scrubbed before_len=316 after_len=286
2026-07-03T16:44:54: [chat/scrubber] forbidden phrases removed before_len=286 after_len=0
2026-07-03T16:44:54: [chat/tools] search_place({"amenity":"restaurant","city":"Lyon"})→ok=true
2026-07-03T16:50:46: [chat/scrubbers] markdown/name/annonce scrubbed before_len=69 after_len=68
2026-07-03T16:56:47: [overpass] OK mirror=https://lz4.overpass-api.de/api/interpreter ms=593 total=599ms elements=30
2026-07-03T16:56:47: [chat/tools] search_place({"amenity":"restaurant","city":"Paris 10e"})→ok=true
2026-07-03T17:02:46: [chat/scrubbers] markdown/name/annonce scrubbed before_len=88 after_len=86
2026-07-03T17:08:47: [chat/scrubbers] markdown/name/annonce scrubbed before_len=236 after_len=225
2026-07-03T17:14:46: [chat/tools] get_weather({"city":"Leap"})→ok=true
2026-07-03T17:20:47: [overpass] OK mirror=https://lz4.overpass-api.de/api/interpreter ms=805 total=809ms elements=30
2026-07-03T17:20:47: [chat/tools] search_place({"amenity":"restaurant","city":"Paris"})→ok=true
2026-07-03T17:26:45: [chat/tools] search_place({"amenity":"restaurant","city":"Paris"})→ok=true
2026-07-03T17:32:47: [overpass] OK mirror=https://z.overpass-api.de/api/interpreter ms=607 total=613ms elements=30
2026-07-03T17:32:47: [chat/scrubbers] markdown/name/annonce scrubbed before_len=41 after_len=13
2026-07-03T17:32:47: [chat/tools] search_place({"amenity":"restaurant","city":"Paris"})→ok=true
2026-07-03T17:38:51: [chat/scrubbers] markdown/name/annonce scrubbed before_len=578 after_len=564
2026-07-03T17:38:51: [chat/followup] no card, skip place
2026-07-03T17:44:47: [overpass] OK mirror=https://z.overpass-api.de/api/interpreter ms=851 total=863ms elements=30
2026-07-03T17:44:47: [chat/tools] search_place({"amenity":"restaurant","city":"Paris 11e"})→ok=true
2026-07-03T17:50:48: [overpass] OK mirror=https://z.overpass-api.de/api/interpreter ms=2012 total=2024ms elements=30
2026-07-03T17:50:48: [chat/scrubbers] markdown/name/annonce scrubbed before_len=33 after_len=9
2026-07-03T17:50:48: [chat/tools] search_place({"amenity":"restaurant","city":"Paris"})→ok=true
2026-07-03T17:56:47: [overpass] OK mirror=https://z.overpass-api.de/api/interpreter ms=1249 total=1257ms elements=30
2026-07-03T17:56:47: [chat/scrubbers] markdown/name/annonce scrubbed before_len=33 after_len=9
2026-07-03T17:56:47: [chat/tools] search_place({"amenity":"restaurant","city":"Paris 10e"})→ok=true
2026-07-03T18:02:47: [chat/tools] search_recipe({"query":"pâtes rapide facile"})→ok=true
2026-07-03T18:08:47: [chat/scrubbers] markdown/name/annonce scrubbed before_len=54 after_len=53
2026-07-03T18:08:47: [chat/tools] search_recipe({"query":"pâtes pesto facile"})→ok=true
2026-07-03T18:14:53: [chat/scrubbers] markdown/name/annonce scrubbed before_len=33 after_len=9
2026-07-03T18:14:53: [chat/tools] search_web({"query":"site:thefork.fr Paris Bastille"})→ok=true
2026-07-03T18:20:52: [chat/scrubbers] markdown/name/annonce scrubbed before_len=28 after_len=4
2026-07-03T18:20:52: [chat/tools] search_web({"query":"site:booking.com hôtel Paris"})→ok=true
2026-07-03T18:26:49: [overpass] OK mirror=https://lz4.overpass-api.de/api/interpreter ms=1435 total=1444ms elements=30
2026-07-03T18:26:49: [chat/tools] search_place({"amenity":"cafe","city":"Paris"})→ok=true
2026-07-03T18:32:47: [overpass] OK mirror=https://z.overpass-api.de/api/interpreter ms=1264 total=1272ms elements=30
2026-07-03T18:32:47: [chat/tools] search_place({"amenity":"restaurant","city":"Paris Bastille"})→ok=true
2026-07-03T18:38:47: [overpass] OK mirror=https://overpass-api.de/api/interpreter ms=956 total=963ms elements=30
2026-07-03T18:38:47: [chat/tools] search_place({"amenity":"restaurant","city":"Lyon"})→ok=true
2026-07-03T18:44:46: [chat/tools] search_place({"amenity":"restaurant","city":"Lyon"})→ok=true
2026-07-03T18:50:47: [overpass] OK mirror=https://lz4.overpass-api.de/api/interpreter ms=396 total=404ms elements=30
2026-07-03T18:50:47: [chat/tools] search_place({"amenity":"restaurant","city":"Lille"})→ok=true
2026-07-03T18:56:47: [overpass] OK mirror=https://lz4.overpass-api.de/api/interpreter ms=1319 total=1326ms elements=30
2026-07-03T18:56:47: [chat/tools] search_place({"amenity":"hotel","city":"Barcelone"})→ok=true
2026-07-03T19:02:46: [chat/scrubbers] markdown/name/annonce scrubbed before_len=90 after_len=89
2026-07-03T19:02:46: [chat/tools] search_place({"amenity":"fast_food"})→ok=true
2026-07-03T19:08:47: [overpass] OK mirror=https://lz4.overpass-api.de/api/interpreter ms=584 total=586ms elements=30
2026-07-03T19:08:47: [chat/scrubbers] markdown/name/annonce scrubbed before_len=33 after_len=9
2026-07-03T19:08:47: [chat/tools] search_place({"amenity":"restaurant","city":"Lyon"})→ok=true
2026-07-03T19:14:46: [chat/tools] get_weather({"city":"Paris"})→ok=true
2026-07-03T19:20:47: [chat/tools] get_weather({"city":"Marseille"})→ok=true
2026-07-03T19:26:47: [overpass] OK mirror=https://z.overpass-api.de/api/interpreter ms=472 total=478ms elements=30
2026-07-03T19:26:47: [chat/tools] search_place({"amenity":"fast_food","city":"Lyon"})→ok=true
2026-07-03T19:32:48: [overpass] OK mirror=https://z.overpass-api.de/api/interpreter ms=699 total=709ms elements=30
2026-07-03T19:32:48: [chat/tools] search_place({"amenity":"fast_food","city":"Paris"})→ok=true
2026-07-03T19:38:53: [chat/scrubbers] markdown/name/annonce scrubbed before_len=33 after_len=9
2026-07-03T19:38:53: [chat/tools] search_web({"query":"site:thefork.fr Paris"})→ok=true
2026-07-03T19:44:48: [overpass] OK mirror=https://overpass-api.de/api/interpreter ms=1844 total=1846ms elements=30
2026-07-03T19:44:48: [chat/tools] search_place({"amenity":"restaurant","city":"Paris"})→ok=true
2026-07-03T19:50:46: [chat/scrubbers] markdown/name/annonce scrubbed before_len=76 after_len=61
2026-07-03T19:50:46: [chat/tools] get_weather({"city":"Kilimandjaro"})→ok=true
2026-07-03T19:56:47: [overpass] OK mirror=https://z.overpass-api.de/api/interpreter ms=657 total=667ms elements=30
2026-07-03T19:56:47: [chat/tools] search_place({"amenity":"restaurant","city":"Paris 13e"})→ok=true
2026-07-03T20:02:46: [overpass] OK mirror=https://overpass-api.de/api/interpreter ms=724 total=731ms elements=30
2026-07-03T20:02:46: [chat/scrubbers] markdown/name/annonce scrubbed before_len=33 after_len=9
2026-07-03T20:02:46: [chat/tools] search_place({"amenity":"restaurant","city":"Montmartre Paris"})→ok=true
2026-07-03T20:08:47: [chat/tools] search_recipe({"query":"pâtes carbonara facile"})→ok=true
2026-07-03T20:14:49: [chat/scrubbers] markdown/name/annonce scrubbed before_len=494 after_len=466
2026-07-03T20:20:51: [overpass] OK mirror=https://z.overpass-api.de/api/interpreter ms=4385 total=4391ms elements=30
2026-07-03T20:20:51: [chat/scrubbers] markdown/name/annonce scrubbed before_len=33 after_len=9
2026-07-03T20:20:51: [chat/tools] search_place({"amenity":"hotel","city":"Nice"})→ok=true
2026-07-03T20:26:48: [overpass] OK mirror=https://z.overpass-api.de/api/interpreter ms=692 total=711ms elements=30
2026-07-03T20:26:48: [chat/tools] search_place({"amenity":"restaurant","city":"Paris 11e"})→ok=true
2026-07-03T20:32:47: [overpass] OK mirror=https://z.overpass-api.de/api/interpreter ms=720 total=747ms elements=30
2026-07-03T20:32:47: [chat/scrubbers] markdown/name/annonce scrubbed before_len=33 after_len=9
2026-07-03T20:32:47: [chat/tools] search_place({"amenity":"restaurant","city":"Montmartre Paris"})→ok=true
2026-07-03T20:38:46: [chat/scrubbers] markdown/name/annonce scrubbed before_len=84 after_len=81
2026-07-03T20:44:47: [chat/scrubbers] markdown/name/annonce scrubbed before_len=97 after_len=96
2026-07-03T20:44:47: [chat/tools] search_recipe({"query":"poulet riz légumes rapide"})→ok=true
2026-07-03T20:50:46: [chat/tools] search_web({"query":"meilleurs films à l'affiche Paris ce soir"})→ok=true
2026-07-03T20:56:48: [overpass] OK mirror=https://lz4.overpass-api.de/api/interpreter ms=2140 total=2149ms elements=30
2026-07-03T20:56:48: [chat/tools] search_place({"amenity":"restaurant","city":"Paris 10e"})→ok=true
2026-07-03T21:02:53: [chat/scrubbers] markdown/name/annonce scrubbed before_len=59 after_len=0
2026-07-03T21:02:53: [chat/tools] search_web({"query":"site:booking.com hôtel Bora Bora"})→ok=true
2026-07-03T21:08:46: [chat/scrubbers] markdown/name/annonce scrubbed before_len=206 after_len=205
2026-07-03T21:14:47: [overpass] OK mirror=https://z.overpass-api.de/api/interpreter ms=584 total=591ms elements=30
2026-07-03T21:14:47: [chat/tools] search_place({"amenity":"restaurant","city":"Paris Montmartre"})→ok=true
2026-07-03T21:20:46: [chat/scrubbers] markdown/name/annonce scrubbed before_len=104 after_len=102
2026-07-03T21:26:50: [overpass] OK mirror=https://lz4.overpass-api.de/api/interpreter ms=1069 total=1074ms elements=30
2026-07-03T21:26:50: [chat/scrubbers] markdown/name/annonce scrubbed before_len=33 after_len=9
2026-07-03T21:26:50: [chat/tools] search_place({"amenity":"restaurant","city":"Paris"})→ok=true
2026-07-03T21:32:48: [overpass] OK mirror=https://z.overpass-api.de/api/interpreter ms=613 total=627ms elements=30
2026-07-03T21:32:48: [chat/tools] search_place({"amenity":"restaurant","city":"Paris 13e"})→ok=true
2026-07-03T21:38:47: [overpass] OK mirror=https://overpass-api.de/api/interpreter ms=736 total=740ms elements=30
2026-07-03T21:38:47: [chat/tools] search_place({"amenity":"restaurant","city":"Paris 10e"})→ok=true
2026-07-03T21:44:47: [overpass] OK mirror=https://z.overpass-api.de/api/interpreter ms=1225 total=1235ms elements=30
2026-07-03T21:44:47: [chat/scrubbers] markdown/name/annonce scrubbed before_len=33 after_len=9
2026-07-03T21:44:47: [chat/tools] search_place({"amenity":"hotel","city":"Paris"})→ok=true
2026-07-03T21:50:49: [overpass] OK mirror=https://lz4.overpass-api.de/api/interpreter ms=2731 total=2743ms elements=30
2026-07-03T21:50:49: [chat/scrubbers] markdown/name/annonce scrubbed before_len=24 after_len=23
2026-07-03T21:50:49: [chat/tools] search_place({"amenity":"restaurant","city":"Paris"})→ok=true
2026-07-03T21:56:47: [overpass] OK mirror=https://z.overpass-api.de/api/interpreter ms=539 total=559ms elements=30
2026-07-03T21:56:47: [chat/scrubbers] markdown/name/annonce scrubbed before_len=33 after_len=9
2026-07-03T21:56:47: [chat/tools] search_place({"amenity":"restaurant","city":"Paris 11e"})→ok=true
2026-07-03T22:02:46: [chat/scrubbers] markdown/name/annonce scrubbed before_len=33 after_len=9
2026-07-03T22:02:46: [chat/tools] search_place({"amenity":"restaurant","city":"Paris 11e"})→ok=true
2026-07-03T22:08:46: [chat/scrubbers] markdown/name/annonce scrubbed before_len=27 after_len=26
2026-07-03T22:08:46: [chat/tools] search_youtube({"query":"chat mignon vidéo"})→ok=true
2026-07-03T22:14:46: [overpass] OK mirror=https://z.overpass-api.de/api/interpreter ms=553 total=563ms elements=30
2026-07-03T22:14:46: [chat/scrubbers] markdown/name/annonce scrubbed before_len=33 after_len=9
2026-07-03T22:14:46: [chat/tools] search_place({"amenity":"restaurant","city":"Paris"})→ok=true
2026-07-03T22:20:46: [chat/scrubbers] markdown/name/annonce scrubbed before_len=33 after_len=9
2026-07-03T22:20:46: [chat/tools] search_place({"amenity":"restaurant","city":"Paris"})→ok=true
2026-07-03T22:26:49: [overpass] OK mirror=https://overpass-api.de/api/interpreter ms=746 total=752ms elements=30
2026-07-03T22:26:49: [chat/scrubbers] markdown/name/annonce scrubbed before_len=33 after_len=9
2026-07-03T22:26:49: [chat/tools] search_place({"amenity":"restaurant","city":"Paris Quartier Latin"})→ok=true
2026-07-03T22:32:46: [chat/scrubbers] markdown/name/annonce scrubbed before_len=73 after_len=72
2026-07-03T22:32:46: [chat/tools] search_recipe({"query":"pâtes rapides"})→ok=true
2026-07-03T22:38:47: [overpass] OK mirror=https://overpass-api.de/api/interpreter ms=693 total=805ms elements=30
2026-07-03T22:38:47: [chat/tools] search_place({"amenity":"fast_food","city":"Paris 11e"})→ok=true
2026-07-03T22:44:46: [overpass] OK mirror=https://z.overpass-api.de/api/interpreter ms=588 total=601ms elements=30
2026-07-03T22:44:46: [chat/tools] search_place({"amenity":"restaurant","city":"Paris Bastille"})→ok=true
2026-07-03T22:50:47: [chat/tools] get_weather({"city":"Paris"})→ok=true
2026-07-03T22:56:46: [overpass] OK mirror=https://z.overpass-api.de/api/interpreter ms=557 total=567ms elements=30
2026-07-03T22:56:46: [chat/scrubbers] markdown/name/annonce scrubbed before_len=43 after_len=42
2026-07-03T22:56:46: [chat/tools] search_place({"amenity":"restaurant","city":"Paris"})→ok=true
2026-07-03T23:02:45: [chat/scrubbers] markdown/name/annonce scrubbed before_len=33 after_len=9
2026-07-03T23:02:45: [chat/tools] search_place({"amenity":"restaurant","city":"Paris"})→ok=true
2026-07-03T23:08:46: [chat/scrubbers] markdown/name/annonce scrubbed before_len=41 after_len=9
2026-07-03T23:08:46: [chat/tools] search_recipe({"query":"tiramisu"})→ok=true
2026-07-03T23:14:46: [chat/scrubbers] markdown/name/annonce scrubbed before_len=26 after_len=9
2026-07-03T23:14:46: [chat/tools] search_recipe({"query":"recette rapide 30 minutes réconfortante"})→ok=true
2026-07-03T23:20:47: [overpass] OK mirror=https://z.overpass-api.de/api/interpreter ms=388 total=395ms elements=30
2026-07-03T23:20:47: [chat/scrubbers] markdown/name/annonce scrubbed before_len=33 after_len=9
2026-07-03T23:20:47: [chat/tools] search_place({"amenity":"restaurant","city":"Lyon 3e"})→ok=true
2026-07-03T23:26:47: [chat/tools] search_music({"query":"musique calme détente"})→ok=true
2026-07-03T23:32:50: [chat/scrubbers] markdown/name/annonce scrubbed before_len=844 after_len=795
2026-07-03T23:38:46: [overpass] OK mirror=https://overpass-api.de/api/interpreter ms=645 total=649ms elements=30
2026-07-03T23:38:46: [chat/scrubbers] markdown/name/annonce scrubbed before_len=33 after_len=9
2026-07-03T23:38:46: [chat/tools] search_place({"amenity":"restaurant","city":"Paris Bastille"})→ok=true
2026-07-03T23:44:47: [overpass] OK mirror=https://z.overpass-api.de/api/interpreter ms=778 total=797ms elements=30
2026-07-03T23:44:47: [chat/scrubbers] markdown/name/annonce scrubbed before_len=29 after_len=12
2026-07-03T23:44:47: [chat/tools] search_place({"amenity":"restaurant","city":"Paris 11e"})→ok=true
2026-07-03T23:50:46: [chat/tools] search_music({"query":"lofi chill playlist travail"})→ok=true
2026-07-03T23:56:46: [overpass] OK mirror=https://lz4.overpass-api.de/api/interpreter ms=615 total=621ms elements=30
2026-07-03T23:56:46: [chat/tools] search_place({"amenity":"restaurant","city":"Paris Bastille"})→ok=true
2026-07-04T00:02:46: [chat/scrubbers] markdown/name/annonce scrubbed before_len=340 after_len=339
2026-07-04T00:08:47: [chat/tools] search_recipe({"query":"pâtes carbonara sans crème"})→ok=true
2026-07-04T00:14:47: [chat/scrubbers] markdown/name/annonce scrubbed before_len=345 after_len=344
2026-07-04T00:20:46: [overpass] OK mirror=https://z.overpass-api.de/api/interpreter ms=393 total=412ms elements=30
2026-07-04T00:20:46: [chat/tools] search_place({"amenity":"restaurant","city":"Montpellier"})→ok=true
2026-07-04T00:26:46: [chat/scrubbers] markdown/name/annonce scrubbed before_len=127 after_len=110
2026-07-04T00:26:46: [chat/tools] search_recipe({"query":"carbonara sans crème"})→ok=true
2026-07-04T00:32:47: [overpass] OK mirror=https://z.overpass-api.de/api/interpreter ms=1521 total=1531ms elements=30
2026-07-04T00:32:47: [chat/tools] search_place({"amenity":"hotel","city":"Barcelone"})→ok=true
2026-07-04T00:38:47: [overpass] OK mirror=https://z.overpass-api.de/api/interpreter ms=656 total=663ms elements=30
2026-07-04T00:38:47: [chat/scrubbers] markdown/name/annonce scrubbed before_len=87 after_len=86
2026-07-04T00:38:47: [chat/tools] search_place({"amenity":"restaurant","city":"Paris"})→ok=true
2026-07-04T00:44:46: [overpass] OK mirror=https://z.overpass-api.de/api/interpreter ms=506 total=512ms elements=30
2026-07-04T00:44:46: [chat/tools] search_place({"amenity":"restaurant","city":"Paris Bastille"})→ok=true
2026-07-04T00:50:46: [overpass] OK mirror=https://overpass-api.de/api/interpreter ms=413 total=420ms elements=30
2026-07-04T00:50:46: [chat/scrubbers] markdown/name/annonce scrubbed before_len=43 after_len=42
2026-07-04T00:50:46: [chat/tools] search_place({"amenity":"restaurant","city":"Barcelone"})→ok=true
2026-07-04T00:56:46: [overpass] OK mirror=https://z.overpass-api.de/api/interpreter ms=610 total=615ms elements=30
2026-07-04T00:56:46: [chat/scrubbers] markdown/name/annonce scrubbed before_len=33 after_len=9
2026-07-04T00:56:46: [chat/tools] search_place({"amenity":"restaurant","city":"Paris"})→ok=true
2026-07-04T01:02:46: [chat/scrubbers] markdown/name/annonce scrubbed before_len=82 after_len=81
2026-07-04T01:02:46: [chat/tools] search_recipe({"query":"tarte aux pommes"})→ok=true
2026-07-04T01:08:46: [chat/scrubbers] markdown/name/annonce scrubbed before_len=336 after_len=335
2026-07-04T01:14:46: [overpass] OK mirror=https://z.overpass-api.de/api/interpreter ms=581 total=588ms elements=30
2026-07-04T01:14:46: [chat/tools] search_place({"amenity":"restaurant","city":"Paris 3e"})→ok=true
2026-07-04T01:20:47: [overpass] OK mirror=https://z.overpass-api.de/api/interpreter ms=1271 total=1284ms elements=30
2026-07-04T01:20:47: [chat/tools] search_place({"amenity":"hotel","city":"Paris"})→ok=true
2026-07-04T01:26:46: [overpass] OK mirror=https://z.overpass-api.de/api/interpreter ms=682 total=697ms elements=30
2026-07-04T01:26:46: [chat/tools] search_place({"amenity":"hotel","city":"Barcelone"})→ok=true
2026-07-04T01:32:46: [overpass] OK mirror=https://overpass-api.de/api/interpreter ms=444 total=452ms elements=30
2026-07-04T01:32:46: [chat/tools] search_place({"amenity":"bar","city":"Paris Bastille"})→ok=true
2026-07-04T01:38:46: [overpass] OK mirror=https://lz4.overpass-api.de/api/interpreter ms=573 total=580ms elements=30
2026-07-04T01:38:46: [chat/tools] search_place({"amenity":"restaurant","city":"Paris"})→ok=true
2026-07-04T01:44:46: [overpass] OK mirror=https://z.overpass-api.de/api/interpreter ms=315 total=326ms elements=30
2026-07-04T01:44:46: [chat/scrubbers] markdown/name/annonce scrubbed before_len=33 after_len=9
2026-07-04T01:44:46: [chat/tools] search_place({"amenity":"restaurant","city":"centre-ville"})→ok=true
2026-07-04T01:50:46: [chat/scrubbers] markdown/name/annonce scrubbed before_len=123 after_len=121
2026-07-04T01:56:47: [overpass] OK mirror=https://z.overpass-api.de/api/interpreter ms=603 total=611ms elements=30
2026-07-04T01:56:47: [chat/tools] search_place({"amenity":"restaurant","city":"Paris"})→ok=true
2026-07-04T02:02:46: [overpass] OK mirror=https://overpass-api.de/api/interpreter ms=279 total=287ms elements=30
2026-07-04T02:02:46: [chat/scrubbers] markdown/name/annonce scrubbed before_len=33 after_len=9
2026-07-04T02:02:46: [chat/tools] search_place({"amenity":"bakery","city":"Montpellier"})→ok=true
2026-07-04T02:08:47: [overpass] OK mirror=https://lz4.overpass-api.de/api/interpreter ms=376 total=383ms elements=30
2026-07-04T02:08:47: [chat/tools] search_place({"amenity":"restaurant","city":"Lyon Part-Dieu"})→ok=true
2026-07-04T02:14:46: [overpass] OK mirror=https://z.overpass-api.de/api/interpreter ms=555 total=567ms elements=30
2026-07-04T02:14:46: [chat/tools] search_place({"amenity":"restaurant","city":"Paris"})→ok=true
2026-07-04T02:20:46: [chat/scrubbers] markdown/name/annonce scrubbed before_len=49 after_len=48
2026-07-04T02:20:46: [chat/tools] search_place({"amenity":"restaurant","city":"Paris"})→ok=true
2026-07-04T02:26:46: [overpass] OK mirror=https://lz4.overpass-api.de/api/interpreter ms=444 total=450ms elements=30
2026-07-04T02:26:46: [chat/scrubbers] markdown/name/annonce scrubbed before_len=22 after_len=4
2026-07-04T02:26:46: [chat/tools] search_place({"amenity":"bar","city":"Paris"})→ok=true
2026-07-04T02:32:46: [chat/tools] search_youtube({"query":"voyage Tokyo guide 2024 2025"})→ok=true
2026-07-04T02:38:46: [chat/tools] search_web({"query":"Le Bistrot Paris 6e horaires fermeture"})→ok=true
2026-07-04T02:44:46: [chat/scrubbers] markdown/name/annonce scrubbed before_len=82 after_len=81
2026-07-04T02:44:46: [chat/tools] search_music({"query":"rap énergie sport workout"})→ok=true | search_music({"query":"pop énergie sport workout"})→ok=true
2026-07-04T02:50:46: [overpass] OK mirror=https://lz4.overpass-api.de/api/interpreter ms=644 total=653ms elements=30
2026-07-04T02:50:46: [chat/tools] search_place({"amenity":"restaurant","city":"Paris Bastille"})→ok=true
2026-07-04T02:56:46: [overpass] OK mirror=https://z.overpass-api.de/api/interpreter ms=648 total=654ms elements=30
2026-07-04T02:56:46: [chat/tools] search_place({"amenity":"restaurant","city":"Paris"})→ok=true
2026-07-04T03:02:46: [chat/tools] search_place({"amenity":"restaurant","city":"Paris"})→ok=true
2026-07-04T03:08:47: [overpass] OK mirror=https://z.overpass-api.de/api/interpreter ms=378 total=394ms elements=30
2026-07-04T03:08:47: [chat/scrubbers] markdown/name/annonce scrubbed before_len=37 after_len=13
2026-07-04T03:08:47: [chat/tools] search_place({"amenity":"restaurant","city":"Marseille Saint-Charles"})→ok=true
2026-07-04T03:14:47: [overpass] OK mirror=https://z.overpass-api.de/api/interpreter ms=529 total=539ms elements=30
2026-07-04T03:14:47: [chat/scrubbers] markdown/name/annonce scrubbed before_len=33 after_len=9
2026-07-04T03:14:47: [chat/tools] search_place({"amenity":"restaurant","city":"Paris 11e"})→ok=true
2026-07-04T03:20:46: [overpass] OK mirror=https://lz4.overpass-api.de/api/interpreter ms=601 total=609ms elements=30
2026-07-04T03:20:46: [chat/scrubbers] markdown/name/annonce scrubbed before_len=34 after_len=33
2026-07-04T03:20:46: [chat/tools] search_place({"amenity":"restaurant","city":"Paris Bastille"})→ok=true
2026-07-04T03:26:46: [overpass] OK mirror=https://overpass-api.de/api/interpreter ms=584 total=588ms elements=30
2026-07-04T03:26:46: [chat/tools] search_place({"amenity":"restaurant","city":"Paris 10e"})→ok=true
2026-07-04T03:32:46: [chat/scrubbers] markdown/name/annonce scrubbed before_len=27 after_len=9
2026-07-04T03:32:46: [chat/tools] search_youtube({"query":"vidéos drôles humour 2024"})→ok=true
2026-07-04T03:38:48: [chat/scrubbers] markdown/name/annonce scrubbed before_len=585 after_len=551
2026-07-04T03:44:46: [overpass] OK mirror=https://z.overpass-api.de/api/interpreter ms=594 total=609ms elements=30
2026-07-04T03:44:46: [chat/scrubbers] markdown/name/annonce scrubbed before_len=37 after_len=13
2026-07-04T03:44:46: [chat/tools] search_place({"amenity":"restaurant","city":"Paris 10e"})→ok=true
2026-07-04T03:50:47: [overpass] OK mirror=https://overpass-api.de/api/interpreter ms=689 total=694ms elements=30
2026-07-04T03:50:47: [chat/scrubbers] markdown/name/annonce scrubbed before_len=33 after_len=9
2026-07-04T03:50:47: [chat/tools] search_place({"amenity":"restaurant","city":"Paris 11e"})→ok=true
2026-07-04T03:56:46: [overpass] OK mirror=https://overpass-api.de/api/interpreter ms=607 total=611ms elements=30
2026-07-04T03:56:46: [chat/scrubbers] markdown/name/annonce scrubbed before_len=55 after_len=54
2026-07-04T03:56:46: [chat/tools] search_place({"amenity":"restaurant","city":"Paris"})→ok=true
2026-07-04T04:02:47: [chat/scrubbers] markdown/name/annonce scrubbed before_len=415 after_len=381
2026-07-04T04:08:47: [chat/scrubbers] markdown/name/annonce scrubbed before_len=149 after_len=148
2026-07-04T04:08:47: [chat/tools] search_recipe({"query":"pâtes carbonara rapide"})→ok=true
2026-07-04T04:14:47: [overpass] OK mirror=https://z.overpass-api.de/api/interpreter ms=583 total=593ms elements=30
2026-07-04T04:14:47: [chat/tools] search_place({"amenity":"restaurant","city":"Paris"})→ok=true
2026-07-04T04:20:46: [chat/scrubbers] markdown/name/annonce scrubbed before_len=33 after_len=9
2026-07-04T04:20:46: [chat/tools] search_place({"amenity":"restaurant","city":"Paris"})→ok=true
2026-07-04T04:26:48: [chat/scrubbers] markdown/name/annonce scrubbed before_len=254 after_len=241
2026-07-04T04:32:47: [overpass] OK mirror=https://lz4.overpass-api.de/api/interpreter ms=602 total=613ms elements=30
2026-07-04T04:32:47: [chat/scrubbers] markdown/name/annonce scrubbed before_len=33 after_len=9
2026-07-04T04:32:47: [chat/tools] search_place({"amenity":"restaurant","city":"Paris"})→ok=true
2026-07-04T04:38:47: [overpass] OK mirror=https://z.overpass-api.de/api/interpreter ms=527 total=531ms elements=30
2026-07-04T04:38:47: [chat/scrubbers] markdown/name/annonce scrubbed before_len=33 after_len=9
2026-07-04T04:38:47: [chat/tools] search_place({"amenity":"restaurant","city":"Paris 13e"})→ok=true
2026-07-04T04:44:46: [overpass] OK mirror=https://z.overpass-api.de/api/interpreter ms=499 total=511ms elements=30
2026-07-04T04:44:46: [chat/tools] search_place({"amenity":"restaurant","city":"Paris 11e"})→ok=true
2026-07-04T04:50:47: [overpass] OK mirror=https://z.overpass-api.de/api/interpreter ms=615 total=630ms elements=30
2026-07-04T04:50:47: [chat/scrubbers] markdown/name/annonce scrubbed before_len=47 after_len=46
2026-07-04T04:50:47: [chat/tools] search_place({"amenity":"restaurant","city":"Paris Bastille"})→ok=true
2026-07-04T04:56:46: [chat/scrubbers] markdown/name/annonce scrubbed before_len=48 after_len=47
2026-07-04T04:56:46: [chat/tools] search_recipe({"query":"tiramisu facile"})→ok=true
2026-07-04T05:02:47: [overpass] OK mirror=https://lz4.overpass-api.de/api/interpreter ms=1055 total=1060ms elements=30
2026-07-04T05:02:47: [chat/scrubbers] markdown/name/annonce scrubbed before_len=72 after_len=71
2026-07-04T05:02:47: [chat/tools] search_place({"amenity":"restaurant","city":"Paris"})→ok=true
2026-07-04T05:08:46: [chat/tools] search_place({"amenity":"restaurant","city":"Paris"})→ok=true
2026-07-04T05:14:47: [overpass] OK mirror=https://overpass-api.de/api/interpreter ms=529 total=536ms elements=30
2026-07-04T05:14:47: [chat/scrubbers] markdown/name/annonce scrubbed before_len=33 after_len=9
2026-07-04T05:14:47: [chat/tools] search_place({"amenity":"restaurant","city":"Paris 11e"})→ok=true
2026-07-04T05:20:47: [overpass] OK mirror=https://z.overpass-api.de/api/interpreter ms=651 total=654ms elements=30
2026-07-04T05:20:47: [chat/scrubbers] markdown/name/annonce scrubbed before_len=33 after_len=9
2026-07-04T05:20:47: [chat/tools] search_place({"amenity":"restaurant","city":"Paris 10e"})→ok=true
2026-07-04T05:26:47: [overpass] OK mirror=https://z.overpass-api.de/api/interpreter ms=536 total=553ms elements=30
2026-07-04T05:26:47: [chat/tools] search_place({"amenity":"restaurant","city":"Paris 11e"})→ok=true
2026-07-04T05:32:51: [overpass] OK mirror=https://z.overpass-api.de/api/interpreter ms=4564 total=4568ms elements=30
2026-07-04T05:32:51: [chat/tools] search_place({"amenity":"restaurant","city":"Lille"})→ok=true
2026-07-04T05:38:46: [chat/scrubbers] markdown/name/annonce scrubbed before_len=66 after_len=65
2026-07-04T05:38:46: [chat/tools] search_recipe({"query":"banane chocolat dessert"})→ok=true
2026-07-04T05:44:46: [overpass] OK mirror=https://z.overpass-api.de/api/interpreter ms=527 total=545ms elements=30
2026-07-04T05:44:46: [chat/tools] search_place({"amenity":"hotel","city":"Barcelone"})→ok=true
2026-07-04T05:50:47: [chat/tools] get_weather({"city":"Nice"})→ok=true
2026-07-04T05:56:47: [overpass] OK mirror=https://overpass-api.de/api/interpreter ms=711 total=717ms elements=30
2026-07-04T05:56:47: [chat/tools] search_place({"amenity":"restaurant","city":"Paris"})→ok=true
2026-07-04T06:02:46: [chat/tools] search_place({"amenity":"restaurant","city":"Paris"})→ok=true
2026-07-04T06:08:47: [overpass] OK mirror=https://z.overpass-api.de/api/interpreter ms=512 total=531ms elements=30
2026-07-04T06:08:47: [chat/scrubbers] markdown/name/annonce scrubbed before_len=33 after_len=9
2026-07-04T06:08:47: [chat/tools] search_place({"amenity":"restaurant","city":"Paris 13e"})→ok=true
2026-07-04T06:14:47: [overpass] OK mirror=https://lz4.overpass-api.de/api/interpreter ms=338 total=347ms elements=30
2026-07-04T06:14:47: [chat/tools] search_place({"amenity":"restaurant","city":"Montpellier"})→ok=true
2026-07-04T06:20:47: [overpass] OK mirror=https://z.overpass-api.de/api/interpreter ms=562 total=578ms elements=30
2026-07-04T06:20:47: [chat/tools] search_place({"amenity":"restaurant","city":"Lyon"})→ok=true
2026-07-04T06:26:47: [chat/tools] search_recipe({"query":"curry vert rapide"})→ok=true
2026-07-04T06:32:47: [chat/tools] search_recipe({"query":"pâtes ail tomates rapide"})→ok=true
2026-07-04T06:38:47: [overpass] OK mirror=https://lz4.overpass-api.de/api/interpreter ms=317 total=319ms elements=30
2026-07-04T06:38:47: [chat/tools] search_place({"amenity":"restaurant","city":"Paris"})→ok=true
2026-07-04T06:44:47: [overpass] OK mirror=https://z.overpass-api.de/api/interpreter ms=456 total=466ms elements=30
2026-07-04T06:44:47: [chat/tools] search_place({"amenity":"restaurant","city":"Paris"})→ok=true | search_place({"amenity":"bar","city":"Paris"})→ok=true
2026-07-04T06:50:48: [overpass] OK mirror=https://z.overpass-api.de/api/interpreter ms=704 total=714ms elements=30
2026-07-04T06:50:48: [chat/tools] search_place({"amenity":"restaurant","city":"Paris Alésia"})→ok=true
2026-07-04T06:56:48: [overpass] OK mirror=https://z.overpass-api.de/api/interpreter ms=1255 total=1278ms elements=30
2026-07-04T06:56:49: [chat/scrubbers] markdown/name/annonce scrubbed before_len=33 after_len=9
2026-07-04T06:56:49: [chat/tools] search_place({"amenity":"restaurant","city":"Paris"})→ok=true
2026-07-04T07:03:15: [chat/scrubbers] markdown/name/annonce scrubbed before_len=33 after_len=9
2026-07-04T07:03:16: [chat/tools] search_place({"amenity":"restaurant","city":"Paris 10e"})→ok=true
2026-07-04T07:08:47: [overpass] OK mirror=https://z.overpass-api.de/api/interpreter ms=1031 total=1047ms elements=30
2026-07-04T07:08:47: [chat/scrubbers] markdown/name/annonce scrubbed before_len=33 after_len=9
2026-07-04T07:08:47: [chat/tools] search_place({"amenity":"restaurant","city":"Paris"})→ok=true
2026-07-04T07:14:46: [chat/scrubbers] markdown/name/annonce scrubbed before_len=31 after_len=0
2026-07-04T07:14:46: [chat/tools] search_place({"amenity":"restaurant","city":"Paris"})→ok=true
2026-07-04T07:20:47: [chat/scrubbers] markdown/name/annonce scrubbed before_len=533 after_len=499
2026-07-04T07:26:47: [overpass] OK mirror=https://overpass-api.de/api/interpreter ms=164 total=169ms elements=7
2026-07-04T07:26:48: [chat/scrubbers] markdown/name/annonce scrubbed before_len=50 after_len=25
2026-07-04T07:26:48: [chat/tools] search_place({"amenity":"restaurant","city":"Paris 11"})→ok=true
2026-07-04T07:32:47: [overpass] OK mirror=https://overpass-api.de/api/interpreter ms=736 total=741ms elements=30
2026-07-04T07:32:47: [chat/tools] search_place({"amenity":"restaurant","city":"Paris 10e"})→ok=true
2026-07-04T07:38:48: [chat/scrubbers] markdown/name/annonce scrubbed before_len=663 after_len=651
2026-07-04T07:44:46: [overpass] OK mirror=https://lz4.overpass-api.de/api/interpreter ms=520 total=527ms elements=30
2026-07-04T07:44:46: [chat/scrubbers] markdown/name/annonce scrubbed before_len=33 after_len=9
2026-07-04T07:44:46: [chat/tools] search_place({"amenity":"restaurant","city":"Paris Montparnasse"})→ok=true
2026-07-04T07:50:48: [overpass] OK mirror=https://z.overpass-api.de/api/interpreter ms=812 total=825ms elements=30
2026-07-04T07:50:48: [chat/scrubbers] markdown/name/annonce scrubbed before_len=34 after_len=33
2026-07-04T07:50:48: [chat/tools] search_place({"amenity":"restaurant","city":"Paris"})→ok=true
2026-07-04T07:56:49: [chat/scrubbers] markdown/name/annonce scrubbed before_len=449 after_len=415
2026-07-04T08:02:47: [chat/tools] get_weather({"city":"Londres"})→ok=true | get_weather({"city":"Paris"})→ok=true
2026-07-04T08:08:47: [chat/scrubbers] markdown/name/annonce scrubbed before_len=476 after_len=457
2026-07-04T08:14:49: [overpass] OK mirror=https://overpass-api.de/api/interpreter ms=2594 total=2599ms elements=30
2026-07-04T08:14:49: [chat/tools] search_place({"amenity":"restaurant","city":"Paris 11e"})→ok=true
2026-07-04T08:20:47: [overpass] OK mirror=https://z.overpass-api.de/api/interpreter ms=909 total=920ms elements=30
2026-07-04T08:20:47: [chat/tools] search_place({"amenity":"hotel","city":"Barcelone"})→ok=true
2026-07-04T08:26:47: [overpass] OK mirror=https://lz4.overpass-api.de/api/interpreter ms=308 total=314ms elements=30
2026-07-04T08:26:47: [chat/scrubbers] markdown/name/annonce scrubbed before_len=30 after_len=13
2026-07-04T08:26:47: [chat/tools] search_place({"amenity":"restaurant","city":"Évry"})→ok=true
2026-07-04T08:32:47: [overpass] OK mirror=https://z.overpass-api.de/api/interpreter ms=753 total=756ms elements=30
2026-07-04T08:32:47: [chat/tools] search_place({"amenity":"hotel","city":"Barcelone"})→ok=true
2026-07-04T08:38:47: [chat/tools] search_web({"query":"films comédie cinéma Bordeaux séances ce soir"})→ok=true
2026-07-04T08:44:47: [overpass] OK mirror=https://lz4.overpass-api.de/api/interpreter ms=825 total=830ms elements=30
2026-07-04T08:44:47: [chat/tools] search_place({"amenity":"restaurant","city":"Paris"})→ok=true
2026-07-04T08:50:47: [chat/scrubbers] markdown/name/annonce scrubbed before_len=148 after_len=147
2026-07-04T08:50:47: [chat/scrubber] forbidden phrases removed before_len=147 after_len=145
2026-07-04T08:56:47: [overpass] OK mirror=https://z.overpass-api.de/api/interpreter ms=625 total=630ms elements=30
2026-07-04T08:56:47: [chat/scrubbers] markdown/name/annonce scrubbed before_len=33 after_len=9
2026-07-04T08:56:47: [chat/tools] search_place({"amenity":"restaurant","city":"Paris Bastille"})→ok=true
2026-07-04T09:02:46: [chat/tools] search_place({"amenity":"restaurant","city":"Paris Bastille"})→ok=true
2026-07-04T09:08:49: [chat/scrubbers] markdown/name/annonce scrubbed before_len=590 after_len=556
2026-07-04T09:14:47: [chat/tools] get_weather({"city":"Paris"})→ok=true
2026-07-04T09:20:48: [overpass] OK mirror=https://z.overpass-api.de/api/interpreter ms=708 total=732ms elements=30
2026-07-04T09:20:48: [chat/scrubbers] markdown/name/annonce scrubbed before_len=33 after_len=9
2026-07-04T09:20:48: [chat/tools] search_place({"amenity":"restaurant","city":"Paris 10e"})→ok=true
2026-07-04T09:26:47: [chat/scrubbers] markdown/name/annonce scrubbed before_len=260 after_len=247
2026-07-04T09:32:47: [overpass] OK mirror=https://lz4.overpass-api.de/api/interpreter ms=809 total=819ms elements=30
2026-07-04T09:32:47: [chat/tools] search_place({"amenity":"restaurant","city":"Paris"})→ok=true
2026-07-04T09:38:48: [chat/scrubbers] markdown/name/annonce scrubbed before_len=79 after_len=78
2026-07-04T09:44:46: [chat/tools] get_weather({"city":"Bordeaux"})→ok=true
2026-07-04T09:50:47: [overpass] OK mirror=https://lz4.overpass-api.de/api/interpreter ms=566 total=572ms elements=30
2026-07-04T09:50:47: [chat/scrubbers] markdown/name/annonce scrubbed before_len=89 after_len=71
2026-07-04T09:50:47: [chat/tools] search_place({"amenity":"restaurant","city":"Paris"})→ok=true
2026-07-04T09:56:47: [chat/scrubbers] markdown/name/annonce scrubbed before_len=27 after_len=26
2026-07-04T09:56:47: [chat/tools] search_youtube({"query":"chats rigolos funny cats"})→ok=true
2026-07-04T10:02:47: [overpass] OK mirror=https://overpass-api.de/api/interpreter ms=691 total=697ms elements=30
2026-07-04T10:02:47: [chat/scrubbers] markdown/name/annonce scrubbed before_len=79 after_len=78
2026-07-04T10:02:47: [chat/tools] search_place({"amenity":"restaurant","city":"Paris 13e"})→ok=true
2026-07-04T10:08:48: [overpass] OK mirror=https://lz4.overpass-api.de/api/interpreter ms=654 total=660ms elements=30
2026-07-04T10:08:48: [chat/scrubbers] markdown/name/annonce scrubbed before_len=33 after_len=9
2026-07-04T10:08:48: [chat/tools] search_place({"amenity":"restaurant","city":"Paris"})→ok=true
2026-07-04T10:14:47: [overpass] OK mirror=https://lz4.overpass-api.de/api/interpreter ms=534 total=552ms elements=30
2026-07-04T10:14:47: [chat/tools] search_place({"amenity":"hotel","city":"Marseille Vieux Port"})→ok=true
2026-07-04T10:20:49: [overpass] OK mirror=https://overpass-api.de/api/interpreter ms=1109 total=1117ms elements=30
2026-07-04T10:20:49: [chat/tools] search_place({"amenity":"hotel","city":"Barcelone"})→ok=true
2026-07-04T10:26:47: [chat/tools] search_recipe({"query":"pâtes carbonara sans crème"})→ok=true
2026-07-04T10:32:51: [overpass] OK mirror=https://lz4.overpass-api.de/api/interpreter ms=4314 total=4321ms elements=30
2026-07-04T10:32:51: [chat/tools] search_place({"amenity":"restaurant","city":"Paris"})→ok=true
2026-07-04T10:38:51: [overpass] OK mirror=https://overpass-api.de/api/interpreter ms=714 total=729ms elements=30
2026-07-04T10:38:51: [chat/tools] search_place({"amenity":"restaurant","city":"Paris 10e"})→ok=true
2026-07-04T10:44:48: [chat/tools] search_recipe({"query":"pâtes tomates ail basilic rapide"})→ok=true
2026-07-04T10:50:49: [chat/scrubbers] markdown/name/annonce scrubbed before_len=73 after_len=72
2026-07-04T10:50:49: [chat/tools] search_music({"query":"chill relaxant étude"})→ok=true
2026-07-04T10:56:47: [overpass] OK mirror=https://z.overpass-api.de/api/interpreter ms=735 total=747ms elements=30
2026-07-04T10:56:47: [chat/scrubbers] markdown/name/annonce scrubbed before_len=29 after_len=4
2026-07-04T10:56:47: [chat/tools] search_place({"amenity":"restaurant","city":"Paris Bastille"})→ok=true
2026-07-04T11:02:52: [chat/scrubbers] markdown/name/annonce scrubbed before_len=61 after_len=60
2026-07-04T11:02:53: [chat/tools] search_web({"query":"site:thefork.fr Paris 10e"})→ok=true
2026-07-04T11:08:47: [overpass] OK mirror=https://z.overpass-api.de/api/interpreter ms=809 total=814ms elements=30
2026-07-04T11:08:47: [chat/scrubbers] markdown/name/annonce scrubbed before_len=33 after_len=9
2026-07-04T11:08:47: [chat/tools] search_place({"amenity":"restaurant","city":"Paris"})→ok=true
2026-07-04T11:14:47: [chat/tools] search_recipe({"query":"gratin dauphinois"})→ok=true
2026-07-04T11:20:47: [overpass] OK mirror=https://z.overpass-api.de/api/interpreter ms=408 total=424ms elements=30
2026-07-04T11:20:47: [chat/scrubbers] markdown/name/annonce scrubbed before_len=64 after_len=63
2026-07-04T11:20:47: [chat/tools] search_place({"amenity":"restaurant","city":"Montpellier"})→ok=true
2026-07-04T11:26:47: [overpass] OK mirror=https://z.overpass-api.de/api/interpreter ms=1056 total=1063ms elements=30
2026-07-04T11:26:47: [chat/tools] search_place({"amenity":"hotel","city":"Paris"})→ok=true
2026-07-04T11:32:48: [chat/scrubbers] markdown/name/annonce scrubbed before_len=476 after_len=474
2026-07-04T11:38:46: [chat/scrubbers] markdown/name/annonce scrubbed before_len=26 after_len=9
2026-07-04T11:38:46: [chat/tools] search_recipe({"query":"pâtes rapide facile"})→ok=true
2026-07-04T11:44:47: [chat/tools] search_recipe({"query":"thé vert digestion"})→ok=true
2026-07-04T11:50:53: [chat/scrubbers] markdown/name/annonce scrubbed before_len=65 after_len=64
2026-07-04T11:50:53: [chat/tools] search_web({"query":"site:thefork.fr Paris"})→ok=true
2026-07-04T11:56:47: [overpass] OK mirror=https://z.overpass-api.de/api/interpreter ms=292 total=315ms elements=30
2026-07-04T11:56:47: [chat/tools] search_place({"amenity":"restaurant","city":"Lille"})→ok=true
2026-07-04T12:02:47: [chat/tools] get_weather({"city":"Amsterdam"})→ok=true
2026-07-04T12:08:48: [overpass] OK mirror=https://z.overpass-api.de/api/interpreter ms=847 total=898ms elements=30
2026-07-04T12:08:48: [chat/scrubbers] markdown/name/annonce scrubbed before_len=33 after_len=9
2026-07-04T12:08:48: [chat/tools] search_place({"amenity":"restaurant","city":"Paris 11e"})→ok=true
2026-07-04T12:14:47: [overpass] OK mirror=https://z.overpass-api.de/api/interpreter ms=646 total=661ms elements=30
2026-07-04T12:14:47: [chat/tools] search_place({"amenity":"restaurant","city":"Paris Bastille"})→ok=true
2026-07-04T12:20:47: [chat/tools] search_place({"amenity":"restaurant","city":"Paris Bastille"})→ok=true
2026-07-04T12:26:47: [overpass] OK mirror=https://z.overpass-api.de/api/interpreter ms=719 total=735ms elements=30
2026-07-04T12:26:47: [chat/scrubbers] markdown/name/annonce scrubbed before_len=33 after_len=9
2026-07-04T12:26:47: [chat/tools] search_place({"amenity":"restaurant","city":"Paris Bastille"})→ok=true
2026-07-04T12:32:49: [overpass] OK mirror=https://overpass-api.de/api/interpreter ms=559 total=569ms elements=30
2026-07-04T12:32:49: [chat/tools] search_place({"amenity":"restaurant","city":"Paris 11ème"})→ok=true
2026-07-04T12:38:47: [overpass] OK mirror=https://lz4.overpass-api.de/api/interpreter ms=678 total=682ms elements=30
2026-07-04T12:38:47: [chat/scrubbers] markdown/name/annonce scrubbed before_len=61 after_len=15
2026-07-04T12:38:47: [chat/tools] search_place({"amenity":"restaurant","city":"Paris 11e"})→ok=true
2026-07-04T12:44:46: [chat/scrubbers] markdown/name/annonce scrubbed before_len=158 after_len=155
2026-07-04T12:50:47: [overpass] OK mirror=https://lz4.overpass-api.de/api/interpreter ms=1114 total=1118ms elements=30
2026-07-04T12:50:47: [chat/scrubbers] markdown/name/annonce scrubbed before_len=33 after_len=9
2026-07-04T12:50:47: [chat/tools] search_place({"amenity":"restaurant","city":"Paris Opéra"})→ok=true
2026-07-04T12:56:46: [chat/scrubbers] markdown/name/annonce scrubbed before_len=28 after_len=4
2026-07-04T12:56:46: [chat/tools] search_place({"amenity":"restaurant","city":"Paris Opéra"})→ok=true
2026-07-04T13:02:48: [overpass] OK mirror=https://z.overpass-api.de/api/interpreter ms=1036 total=1044ms elements=30
2026-07-04T13:02:48: [chat/tools] search_place({"amenity":"restaurant","city":"Paris"})→ok=true
2026-07-04T13:08:47: [overpass] OK mirror=https://z.overpass-api.de/api/interpreter ms=570 total=583ms elements=30
2026-07-04T13:08:47: [chat/tools] search_place({"amenity":"restaurant","city":"Strasbourg"})→ok=true
2026-07-04T13:14:47: [overpass] OK mirror=https://overpass-api.de/api/interpreter ms=884 total=891ms elements=30
2026-07-04T13:14:47: [chat/tools] search_place({"amenity":"restaurant","city":"Montmartre Paris"})→ok=true
2026-07-04T13:20:47: [overpass] OK mirror=https://z.overpass-api.de/api/interpreter ms=344 total=351ms elements=30
2026-07-04T13:20:47: [chat/scrubbers] markdown/name/annonce scrubbed before_len=33 after_len=9
2026-07-04T13:20:47: [chat/tools] search_place({"amenity":"restaurant","city":"Toulouse"})→ok=true
2026-07-04T13:26:48: [overpass] OK mirror=https://z.overpass-api.de/api/interpreter ms=2130 total=2224ms elements=30
2026-07-04T13:26:49: [chat/tools] search_place({"amenity":"restaurant","city":"Paris Bastille"})→ok=true
2026-07-04T13:32:47: [overpass] OK mirror=https://z.overpass-api.de/api/interpreter ms=698 total=711ms elements=30
2026-07-04T13:32:47: [chat/tools] search_place({"amenity":"restaurant","city":"Paris 10e"})→ok=true
2026-07-04T13:38:46: [chat/scrubbers] markdown/name/annonce scrubbed before_len=88 after_len=87
2026-07-04T13:44:46: [overpass] OK mirror=https://overpass-api.de/api/interpreter ms=426 total=432ms elements=30
2026-07-04T13:44:46: [chat/scrubbers] markdown/name/annonce scrubbed before_len=33 after_len=9
2026-07-04T13:44:46: [chat/tools] search_place({"amenity":"restaurant","city":"Montpellier"})→ok=true
2026-07-04T13:50:52: [chat/tools] search_place({"amenity":"restaurant","city":"Lille"})→ok=true
2026-07-04T13:56:46: [chat/scrubbers] markdown/name/annonce scrubbed before_len=34 after_len=33
2026-07-04T13:56:46: [chat/tools] get_weather({"city":"Paris"})→ok=true
2026-07-04T14:02:47: [overpass] OK mirror=https://z.overpass-api.de/api/interpreter ms=468 total=473ms elements=30
2026-07-04T14:02:47: [chat/scrubbers] markdown/name/annonce scrubbed before_len=52 after_len=51
2026-07-04T14:02:47: [chat/tools] search_place({"amenity":"fast_food","city":"Lyon"})→ok=true
2026-07-04T14:08:47: [overpass] OK mirror=https://z.overpass-api.de/api/interpreter ms=565 total=570ms elements=30
2026-07-04T14:08:47: [chat/scrubbers] markdown/name/annonce scrubbed before_len=33 after_len=9
2026-07-04T14:08:47: [chat/tools] search_place({"amenity":"restaurant","city":"Paris"})→ok=true
2026-07-04T14:14:47: [overpass] OK mirror=https://overpass-api.de/api/interpreter ms=726 total=737ms elements=30
2026-07-04T14:14:47: [chat/scrubbers] markdown/name/annonce scrubbed before_len=33 after_len=9
2026-07-04T14:14:47: [chat/tools] search_place({"amenity":"restaurant","city":"Paris 10e"})→ok=true
2026-07-04T14:20:48: [overpass] OK mirror=https://lz4.overpass-api.de/api/interpreter ms=1236 total=1244ms elements=30
2026-07-04T14:20:48: [chat/tools] search_place({"amenity":"hotel","city":"Paris"})→ok=true
2026-07-04T14:26:47: [overpass] OK mirror=https://lz4.overpass-api.de/api/interpreter ms=497 total=506ms elements=30
2026-07-04T14:26:47: [chat/tools] search_place({"amenity":"fast_food","city":"Lyon 3e"})→ok=true
2026-07-04T14:32:48: [overpass] OK mirror=https://lz4.overpass-api.de/api/interpreter ms=1451 total=1467ms elements=30
2026-07-04T14:32:48: [chat/scrubbers] markdown/name/annonce scrubbed before_len=29 after_len=28
2026-07-04T14:32:48: [chat/tools] search_place({"amenity":"restaurant","city":"Paris 13e"})→ok=true
2026-07-04T14:38:48: [overpass] OK mirror=https://z.overpass-api.de/api/interpreter ms=1100 total=1109ms elements=30
2026-07-04T14:38:48: [chat/tools] search_place({"amenity":"restaurant","city":"Paris 11e"})→ok=true
2026-07-04T14:44:47: [chat/tools] search_web({"query":"actualité France aujourd'hui 2025"})→ok=true
2026-07-04T14:50:48: [overpass] OK mirror=https://lz4.overpass-api.de/api/interpreter ms=1091 total=1098ms elements=30
2026-07-04T14:50:48: [chat/tools] search_place({"amenity":"restaurant","city":"Paris"})→ok=true
2026-07-04T14:56:48: [chat/scrubbers] markdown/name/annonce scrubbed before_len=562 after_len=514
2026-07-04T15:02:46: [chat/scrubbers] markdown/name/annonce scrubbed before_len=65 after_len=64
2026-07-04T15:02:46: [chat/tools] get_weather({"city":"Tokyo"})→ok=true
2026-07-04T15:08:48: [overpass] OK mirror=https://z.overpass-api.de/api/interpreter ms=713 total=722ms elements=30
2026-07-04T15:08:48: [chat/scrubbers] markdown/name/annonce scrubbed before_len=33 after_len=9
2026-07-04T15:08:48: [chat/tools] search_place({"amenity":"restaurant","city":"Paris"})→ok=true
2026-07-04T15:14:48: [overpass] OK mirror=https://overpass-api.de/api/interpreter ms=1401 total=1412ms elements=30
2026-07-04T15:14:48: [chat/scrubbers] markdown/name/annonce scrubbed before_len=31 after_len=0
2026-07-04T15:14:48: [chat/tools] search_place({"amenity":"restaurant","city":"Paris 11e"})→ok=true
2026-07-04T15:20:47: [chat/scrubbers] markdown/name/annonce scrubbed before_len=22 after_len=4
2026-07-04T15:20:47: [chat/tools] search_place({"amenity":"restaurant","city":"Paris 11e"})→ok=true
2026-07-04T15:26:47: [overpass] OK mirror=https://z.overpass-api.de/api/interpreter ms=711 total=717ms elements=30
2026-07-04T15:26:47: [chat/scrubbers] markdown/name/annonce scrubbed before_len=33 after_len=9
2026-07-04T15:26:47: [chat/tools] search_place({"amenity":"restaurant","city":"Paris"})→ok=true
2026-07-04T15:32:48: [chat/scrubbers] markdown/name/annonce scrubbed before_len=599 after_len=565
2026-07-04T15:38:53: [chat/tools] search_web({"query":"site:booking.com hôtel Lyon"})→ok=true
2026-07-04T15:44:50: [overpass] OK mirror=https://z.overpass-api.de/api/interpreter ms=3962 total=3976ms elements=30
2026-07-04T15:44:50: [chat/tools] search_place({"amenity":"restaurant","city":"Paris Bastille"})→ok=true
2026-07-04T15:50:51: [chat/scrubbers] markdown/name/annonce scrubbed before_len=83 after_len=82
2026-07-04T15:50:51: [chat/tools] search_place({"amenity":"fast_food","city":"Paris"})→ok=true
2026-07-04T15:56:51: [chat/scrubbers] markdown/name/annonce scrubbed before_len=34 after_len=33
2026-07-04T15:56:51: [chat/tools] search_place({"amenity":"restaurant","city":"Paris"})→ok=true
2026-07-04T16:02:47: [overpass] OK mirror=https://overpass-api.de/api/interpreter ms=1093 total=1099ms elements=30
2026-07-04T16:02:47: [chat/scrubbers] markdown/name/annonce scrubbed before_len=33 after_len=9
2026-07-04T16:02:47: [chat/tools] search_place({"amenity":"restaurant","city":"Paris"})→ok=true
2026-07-04T16:08:47: [overpass] OK mirror=https://lz4.overpass-api.de/api/interpreter ms=442 total=448ms elements=30
2026-07-04T16:08:47: [chat/scrubbers] markdown/name/annonce scrubbed before_len=27 after_len=9
2026-07-04T16:08:47: [chat/tools] search_place({"amenity":"restaurant","city":"Montpellier"})→ok=true
2026-07-04T16:14:47: [overpass] OK mirror=https://overpass-api.de/api/interpreter ms=481 total=508ms elements=30
2026-07-04T16:14:47: [chat/tools] search_place({"amenity":"restaurant","city":"Lyon"})→ok=true
2026-07-04T16:20:48: [overpass] OK mirror=https://overpass-api.de/api/interpreter ms=1228 total=1241ms elements=30
2026-07-04T16:20:48: [chat/scrubbers] markdown/name/annonce scrubbed before_len=33 after_len=9
2026-07-04T16:20:48: [chat/tools] search_place({"amenity":"restaurant","city":"Paris"})→ok=true
2026-07-04T16:26:48: [overpass] OK mirror=https://z.overpass-api.de/api/interpreter ms=1041 total=1059ms elements=30
2026-07-04T16:26:48: [chat/scrubbers] markdown/name/annonce scrubbed before_len=33 after_len=9
2026-07-04T16:26:48: [chat/tools] search_place({"amenity":"hotel","city":"Barcelone"})→ok=true
2026-07-04T16:32:47: [overpass] OK mirror=https://overpass-api.de/api/interpreter ms=807 total=813ms elements=30
2026-07-04T16:32:47: [chat/scrubbers] markdown/name/annonce scrubbed before_len=37 after_len=13
2026-07-04T16:32:47: [chat/tools] search_place({"amenity":"restaurant","city":"Paris 11e"})→ok=true
2026-07-04T16:38:47: [overpass] OK mirror=https://z.overpass-api.de/api/interpreter ms=944 total=972ms elements=30
2026-07-04T16:38:47: [chat/tools] search_place({"amenity":"restaurant","city":"Paris 9e"})→ok=true
2026-07-04T16:44:47: [overpass] OK mirror=https://overpass-api.de/api/interpreter ms=685 total=693ms elements=30
2026-07-04T16:44:47: [chat/scrubbers] markdown/name/annonce scrubbed before_len=33 after_len=9
2026-07-04T16:44:47: [chat/tools] search_place({"amenity":"restaurant","city":"Paris 11e"})→ok=true
2026-07-04T16:50:46: [chat/scrubbers] markdown/name/annonce scrubbed before_len=33 after_len=9
2026-07-04T16:50:46: [chat/tools] search_place({"amenity":"restaurant","city":"Paris 11e"})→ok=true
2026-07-04T16:56:46: [chat/tools] search_recipe({"query":"pâtes au citron"})→ok=true
2026-07-04T17:02:48: [overpass] OK mirror=https://overpass-api.de/api/interpreter ms=460 total=477ms elements=30
2026-07-04T17:02:48: [chat/scrubbers] markdown/name/annonce scrubbed before_len=33 after_len=9
2026-07-04T17:02:48: [chat/tools] search_place({"amenity":"restaurant","city":"Lyon 2e"})→ok=true
2026-07-04T17:08:47: [overpass] OK mirror=https://lz4.overpass-api.de/api/interpreter ms=720 total=731ms elements=30
2026-07-04T17:08:47: [chat/tools] search_place({"amenity":"restaurant","city":"Paris"})→ok=true
2026-07-04T17:14:47: [chat/tools] search_youtube({"query":"vidéos insolites drôles barrées français"})→ok=true
2026-07-04T17:20:48: [chat/tools] search_recipe({"query":"gnocchis maison faciles"})→ok=true
2026-07-04T17:26:47: [chat/scrubbers] markdown/name/annonce scrubbed before_len=55 after_len=54
2026-07-04T17:26:47: [chat/tools] search_recipe({"query":"pâtes rapide 20 minutes"})→ok=true
2026-07-04T17:32:46: [chat/scrubbers] markdown/name/annonce scrubbed before_len=54 after_len=53
2026-07-04T17:32:46: [chat/tools] search_recipe({"query":"pâtes pesto rapide"})→ok=true
2026-07-04T17:38:51: [overpass] OK mirror=https://lz4.overpass-api.de/api/interpreter ms=4412 total=4419ms elements=30
2026-07-04T17:38:51: [chat/tools] search_place({"amenity":"restaurant","city":"Paris"})→ok=true
2026-07-04T17:44:47: [chat/tools] get_weather({"city":"Biarritz"})→ok=true
2026-07-04T17:50:46: [chat/tools] get_weather({"city":"Paris"})→ok=true
2026-07-04T17:56:51: [overpass] OK mirror=https://z.overpass-api.de/api/interpreter ms=4980 total=4993ms elements=30
2026-07-04T17:56:51: [chat/tools] search_place({"amenity":"restaurant","city":"Paris 10e"})→ok=true
2026-07-04T18:02:47: [overpass] OK mirror=https://z.overpass-api.de/api/interpreter ms=600 total=614ms elements=30
2026-07-04T18:02:47: [chat/tools] search_place({"amenity":"restaurant","city":"Paris 11e"})→ok=true
2026-07-04T18:08:46: [chat/tools] search_youtube({"query":"chats drôles vidéo humour"})→ok=true
2026-07-04T18:14:47: [overpass] OK mirror=https://lz4.overpass-api.de/api/interpreter ms=492 total=503ms elements=30
2026-07-04T18:14:47: [chat/scrubbers] markdown/name/annonce scrubbed before_len=33 after_len=9
2026-07-04T18:14:47: [chat/tools] search_place({"amenity":"bar","city":"Paris Bastille"})→ok=true
2026-07-04T18:20:47: [overpass] OK mirror=https://lz4.overpass-api.de/api/interpreter ms=730 total=761ms elements=30
2026-07-04T18:20:48: [chat/tools] search_place({"amenity":"hotel","city":"Bordeaux"})→ok=true
2026-07-04T18:26:47: [chat/scrubbers] markdown/name/annonce scrubbed before_len=48 after_len=47
2026-07-04T18:26:47: [chat/tools] search_recipe({"query":"pâtes carbonara"})→ok=true
2026-07-04T18:32:48: [overpass] OK mirror=https://overpass-api.de/api/interpreter ms=916 total=956ms elements=30
2026-07-04T18:32:48: [chat/scrubbers] markdown/name/annonce scrubbed before_len=64 after_len=63
2026-07-04T18:32:48: [chat/tools] search_place({"amenity":"fast_food","city":"Paris"})→ok=true
2026-07-04T18:38:47: [overpass] OK mirror=https://z.overpass-api.de/api/interpreter ms=628 total=644ms elements=30
2026-07-04T18:38:47: [chat/scrubbers] markdown/name/annonce scrubbed before_len=34 after_len=33
2026-07-04T18:38:47: [chat/tools] search_place({"amenity":"restaurant","city":"Paris 13e"})→ok=true
2026-07-04T18:44:56: [chat/scrubbers] markdown/name/annonce scrubbed before_len=562 after_len=548
2026-07-04T18:44:56: [chat/tools] search_place({"amenity":"cafe","city":"Paris"})→ok=true | search_place({"amenity":"bar","city":"Paris"})→ok=true | search_place({"amenity":"restaurant","city":"Paris"})→ok=true
2026-07-04T18:50:51: [overpass] OK mirror=https://overpass-api.de/api/interpreter ms=4903 total=4905ms elements=30
2026-07-04T18:50:51: [chat/scrubbers] markdown/name/annonce scrubbed before_len=33 after_len=9
2026-07-04T18:50:51: [chat/tools] search_place({"amenity":"fast_food","city":"Lyon 3e"})→ok=true
2026-07-04T18:56:47: [chat/tools] get_weather({"city":"Lyon"})→ok=true
2026-07-04T19:02:47: [chat/tools] search_recipe({"query":"pâtes carbonara sans crème"})→ok=true
2026-07-04T19:08:47: [overpass] OK mirror=https://z.overpass-api.de/api/interpreter ms=594 total=607ms elements=30
2026-07-04T19:08:47: [chat/scrubbers] markdown/name/annonce scrubbed before_len=33 after_len=9
2026-07-04T19:08:47: [chat/tools] search_place({"amenity":"restaurant","city":"Paris Bastille"})→ok=true
2026-07-04T19:14:47: [overpass] OK mirror=https://overpass-api.de/api/interpreter ms=659 total=664ms elements=30
2026-07-04T19:14:47: [chat/scrubbers] markdown/name/annonce scrubbed before_len=33 after_len=9
2026-07-04T19:14:47: [chat/tools] search_place({"amenity":"restaurant","city":"Paris"})→ok=true
2026-07-04T19:20:47: [chat/tools] search_recipe({"query":"pâtes tomates basilic rapide"})→ok=true
2026-07-04T19:26:47: [overpass] OK mirror=https://lz4.overpass-api.de/api/interpreter ms=703 total=713ms elements=30
2026-07-04T19:26:47: [chat/scrubbers] markdown/name/annonce scrubbed before_len=33 after_len=9
2026-07-04T19:26:47: [chat/tools] search_place({"amenity":"hotel","city":"Barcelone"})→ok=true
2026-07-04T19:32:47: [chat/scrubbers] markdown/name/annonce scrubbed before_len=107 after_len=106
2026-07-04T19:32:47: [chat/tools] search_recipe({"query":"pâtes pesto rapide"})→ok=true
2026-07-04T19:38:48: [overpass] OK mirror=https://lz4.overpass-api.de/api/interpreter ms=391 total=399ms elements=30
2026-07-04T19:38:48: [chat/tools] search_place({"amenity":"restaurant","city":"Bordeaux"})→ok=true
2026-07-04T19:44:48: [overpass] OK mirror=https://z.overpass-api.de/api/interpreter ms=682 total=694ms elements=30
2026-07-04T19:44:48: [chat/scrubbers] markdown/name/annonce scrubbed before_len=21 after_len=4
2026-07-04T19:44:48: [chat/tools] search_place({"amenity":"restaurant","city":"Paris 11e"})→ok=true
2026-07-04T19:50:51: [chat/tools] search_place({"amenity":"fast_food","city":"Strasbourg"})→ok=true
2026-07-04T19:56:47: [chat/scrubbers] markdown/name/annonce scrubbed before_len=27 after_len=9
2026-07-04T19:56:47: [chat/tools] search_youtube({"query":"chill study playlist musique concentration"})→ok=true
2026-07-04T20:02:51: [overpass] OK mirror=https://z.overpass-api.de/api/interpreter ms=4395 total=4409ms elements=30
2026-07-04T20:02:51: [chat/tools] search_place({"amenity":"restaurant","city":"Paris"})→ok=true
2026-07-04T20:08:51: [overpass] OK mirror=https://z.overpass-api.de/api/interpreter ms=3262 total=3272ms elements=30
2026-07-04T20:08:51: [chat/tools] search_place({"amenity":"restaurant","city":"Lyon 6"})→ok=true
2026-07-04T20:14:48: [overpass] OK mirror=https://z.overpass-api.de/api/interpreter ms=780 total=801ms elements=30
2026-07-04T20:14:48: [chat/tools] search_place({"amenity":"fast_food","city":"Paris 10e"})→ok=true
2026-07-04T20:20:48: [overpass] OK mirror=https://lz4.overpass-api.de/api/interpreter ms=1254 total=1266ms elements=30
2026-07-04T20:20:48: [chat/tools] search_place({"amenity":"hotel","city":"Barcelone"})→ok=true
2026-07-04T20:26:48: [overpass] OK mirror=https://lz4.overpass-api.de/api/interpreter ms=1728 total=1732ms elements=30
2026-07-04T20:26:48: [chat/tools] search_place({"amenity":"hotel","city":"Paris 10e"})→ok=true
2026-07-04T20:32:47: [overpass] OK mirror=https://z.overpass-api.de/api/interpreter ms=719 total=739ms elements=30
2026-07-04T20:32:47: [chat/scrubbers] markdown/name/annonce scrubbed before_len=91 after_len=53
2026-07-04T20:32:47: [chat/tools] search_place({"amenity":"restaurant","city":"Paris 10e"})→ok=true
2026-07-04T20:38:46: [chat/tools] get_weather({"city":"Tokyo"})→ok=true
2026-07-04T20:44:49: [chat/scrubbers] markdown/name/annonce scrubbed before_len=584 after_len=555
2026-07-04T20:44:49: [chat/followup] no card, skip place
2026-07-04T20:50:48: [overpass] OK mirror=https://z.overpass-api.de/api/interpreter ms=469 total=484ms elements=30
2026-07-04T20:50:48: [chat/tools] search_place({"amenity":"restaurant","city":"Lyon 3e"})→ok=true
2026-07-04T20:56:47: [overpass] OK mirror=https://overpass-api.de/api/interpreter ms=810 total=829ms elements=30
2026-07-04T20:56:48: [chat/scrubbers] markdown/name/annonce scrubbed before_len=33 after_len=9
2026-07-04T20:56:48: [chat/tools] search_place({"amenity":"restaurant","city":"Montmartre Paris"})→ok=true
2026-07-04T21:02:47: [overpass] OK mirror=https://overpass-api.de/api/interpreter ms=766 total=771ms elements=30
2026-07-04T21:02:47: [chat/scrubbers] markdown/name/annonce scrubbed before_len=33 after_len=9
2026-07-04T21:02:47: [chat/tools] search_place({"amenity":"restaurant","city":"Paris 11e"})→ok=true
2026-07-04T21:08:47: [chat/scrubbers] markdown/name/annonce scrubbed before_len=103 after_len=102
2026-07-04T21:08:47: [chat/tools] search_web({"query":"recette yo léa ! ta trouvé des bonnes pâtes dans l)→ok=true
2026-07-04T21:14:47: [overpass] OK mirror=https://z.overpass-api.de/api/interpreter ms=514 total=524ms elements=30
2026-07-04T21:14:48: [chat/scrubbers] markdown/name/annonce scrubbed before_len=65 after_len=64
2026-07-04T21:14:48: [chat/tools] search_place({"amenity":"restaurant","city":"Lyon"})→ok=true
2026-07-04T21:20:46: [chat/tools] search_place({"amenity":"restaurant","city":"Lyon"})→ok=true
2026-07-04T21:26:46: [overpass] OK mirror=https://lz4.overpass-api.de/api/interpreter ms=439 total=454ms elements=30
2026-07-04T21:26:46: [chat/scrubbers] markdown/name/annonce scrubbed before_len=33 after_len=9
2026-07-04T21:26:46: [chat/tools] search_place({"amenity":"restaurant","city":"Lyon 3e"})→ok=true
2026-07-04T21:32:47: [overpass] OK mirror=https://z.overpass-api.de/api/interpreter ms=578 total=591ms elements=30
2026-07-04T21:32:47: [chat/tools] search_place({"amenity":"restaurant","city":"Paris 13e"})→ok=true
2026-07-04T21:38:47: [overpass] OK mirror=https://lz4.overpass-api.de/api/interpreter ms=1005 total=1013ms elements=30
2026-07-04T21:38:47: [chat/tools] search_place({"amenity":"restaurant","city":"Paris 11e"})→ok=true
2026-07-04T21:44:47: [overpass] OK mirror=https://lz4.overpass-api.de/api/interpreter ms=664 total=676ms elements=30
2026-07-04T21:44:47: [chat/tools] search_place({"amenity":"restaurant","city":"Paris 13e"})→ok=true
2026-07-04T21:50:47: [overpass] OK mirror=https://z.overpass-api.de/api/interpreter ms=846 total=871ms elements=30
2026-07-04T21:50:47: [chat/scrubbers] markdown/name/annonce scrubbed before_len=33 after_len=9
2026-07-04T21:50:47: [chat/tools] search_place({"amenity":"restaurant","city":"Paris 10e"})→ok=true
2026-07-04T21:56:48: [overpass] OK mirror=https://overpass-api.de/api/interpreter ms=454 total=460ms elements=30
2026-07-04T21:56:48: [chat/tools] search_place({"amenity":"restaurant","city":"Lyon"})→ok=true
2026-07-04T22:02:47: [overpass] OK mirror=https://overpass-api.de/api/interpreter ms=575 total=583ms elements=30
2026-07-04T22:02:47: [chat/tools] search_place({"amenity":"restaurant","city":"Paris 11e"})→ok=true
2026-07-04T22:08:47: [chat/tools] search_recipe({"query":"pâtes carbonara traditionnelle italienne sans crèm)→ok=true
2026-07-04T22:14:47: [chat/tools] get_weather({"city":"Paris"})→ok=true
2026-07-04T22:20:47: [chat/scrubbers] markdown/name/annonce scrubbed before_len=295 after_len=293
2026-07-04T22:26:49: [chat/scrubbers] markdown/name/annonce scrubbed before_len=826 after_len=751
2026-07-04T22:32:47: [overpass] OK mirror=https://z.overpass-api.de/api/interpreter ms=830 total=841ms elements=30
2026-07-04T22:32:47: [chat/scrubbers] markdown/name/annonce scrubbed before_len=51 after_len=50
2026-07-04T22:32:47: [chat/tools] search_place({"amenity":"restaurant","city":"Paris"})→ok=true
2026-07-04T22:38:48: [chat/scrubbers] markdown/name/annonce scrubbed before_len=454 after_len=437
2026-07-04T22:44:48: [overpass] OK mirror=https://z.overpass-api.de/api/interpreter ms=488 total=496ms elements=30
2026-07-04T22:44:48: [chat/scrubbers] markdown/name/annonce scrubbed before_len=33 after_len=9
2026-07-04T22:44:48: [chat/tools] search_place({"amenity":"restaurant","city":"Paris Bastille"})→ok=true
2026-07-04T22:50:48: [overpass] OK mirror=https://overpass-api.de/api/interpreter ms=1136 total=1138ms elements=30
2026-07-04T22:50:48: [chat/tools] search_place({"amenity":"restaurant","city":"Paris 11e"})→ok=true
2026-07-04T22:56:47: [overpass] OK mirror=https://z.overpass-api.de/api/interpreter ms=663 total=677ms elements=30
2026-07-04T22:56:47: [chat/tools] search_place({"amenity":"hotel","city":"Barcelone"})→ok=true
2026-07-04T23:02:47: [overpass] OK mirror=https://z.overpass-api.de/api/interpreter ms=722 total=734ms elements=30
2026-07-04T23:02:47: [chat/scrubbers] markdown/name/annonce scrubbed before_len=34 after_len=33
2026-07-04T23:02:47: [chat/tools] search_place({"amenity":"restaurant","city":"Paris Bastille"})→ok=true
2026-07-04T23:08:47: [overpass] OK mirror=https://lz4.overpass-api.de/api/interpreter ms=548 total=555ms elements=30
2026-07-04T23:08:47: [chat/tools] search_place({"amenity":"restaurant","city":"Paris"})→ok=true
2026-07-04T23:14:46: [chat/tools] search_place({"amenity":"restaurant","city":"Paris"})→ok=true
2026-07-04T23:20:49: [chat/scrubbers] markdown/name/annonce scrubbed before_len=544 after_len=532
2026-07-04T23:26:46: [chat/scrubbers] markdown/name/annonce scrubbed before_len=25 after_len=24
2026-07-04T23:26:46: [chat/tools] search_music({"query":"rap français sport playlist"})→ok=true
2026-07-04T23:32:48: [overpass] OK mirror=https://z.overpass-api.de/api/interpreter ms=407 total=416ms elements=30
2026-07-04T23:32:48: [chat/scrubbers] markdown/name/annonce scrubbed before_len=131 after_len=130
2026-07-04T23:32:48: [chat/tools] search_place({"amenity":"restaurant","city":"Lyon"})→ok=true
2026-07-04T23:38:47: [overpass] OK mirror=https://overpass-api.de/api/interpreter ms=554 total=558ms elements=30
2026-07-04T23:38:47: [chat/tools] search_place({"amenity":"restaurant","city":"Paris 10e"})→ok=true
2026-07-04T23:44:46: [chat/scrubbers] markdown/name/annonce scrubbed before_len=170 after_len=169
2026-07-04T23:44:46: [chat/tools] get_weather({"city":"Tokyo"})→ok=true
2026-07-04T23:50:46: [chat/tools] search_recipe({"query":"carbonara vraie recette italienne"})→ok=true
2026-07-04T23:56:48: [overpass] OK mirror=https://z.overpass-api.de/api/interpreter ms=1018 total=1031ms elements=30
2026-07-04T23:56:48: [chat/tools] search_place({"amenity":"restaurant","city":"Paris"})→ok=true
2026-07-05T00:02:47: [overpass] OK mirror=https://overpass-api.de/api/interpreter ms=582 total=588ms elements=30
2026-07-05T00:02:47: [chat/scrubbers] markdown/name/annonce scrubbed before_len=33 after_len=9
2026-07-05T00:02:47: [chat/tools] search_place({"amenity":"restaurant","city":"Bordeaux"})→ok=true
2026-07-05T00:08:46: [overpass] OK mirror=https://lz4.overpass-api.de/api/interpreter ms=502 total=507ms elements=30
2026-07-05T00:08:46: [chat/tools] search_place({"amenity":"restaurant","city":"Paris"})→ok=true
2026-07-05T00:14:47: [overpass] OK mirror=https://overpass-api.de/api/interpreter ms=676 total=693ms elements=30
2026-07-05T00:14:47: [chat/scrubbers] markdown/name/annonce scrubbed before_len=33 after_len=9
2026-07-05T00:14:47: [chat/tools] search_place({"amenity":"restaurant","city":"Paris 10e"})→ok=true
2026-07-05T00:20:47: [overpass] OK mirror=https://overpass-api.de/api/interpreter ms=764 total=769ms elements=30
2026-07-05T00:20:47: [chat/scrubbers] markdown/name/annonce scrubbed before_len=33 after_len=9
2026-07-05T00:20:47: [chat/tools] search_place({"amenity":"restaurant","city":"Paris 5e"})→ok=true
2026-07-05T00:26:47: [overpass] OK mirror=https://lz4.overpass-api.de/api/interpreter ms=569 total=574ms elements=30
2026-07-05T00:26:47: [chat/tools] search_place({"amenity":"hotel","city":"Barcelone"})→ok=true
2026-07-05T00:32:47: [chat/scrubbers] markdown/name/annonce scrubbed before_len=85 after_len=84
2026-07-05T00:32:47: [chat/tools] search_music({"query":"road trip 80s 90s"})→ok=true
2026-07-05T00:38:47: [overpass] OK mirror=https://overpass-api.de/api/interpreter ms=611 total=615ms elements=30
2026-07-05T00:38:47: [chat/scrubbers] markdown/name/annonce scrubbed before_len=33 after_len=9
2026-07-05T00:38:47: [chat/tools] search_place({"amenity":"restaurant","city":"Toulouse"})→ok=true
2026-07-05T00:44:46: [chat/tools] search_recipe({"query":"dîner végétarien rapide 20 minutes"})→ok=true
2026-07-05T00:50:47: [overpass] OK mirror=https://z.overpass-api.de/api/interpreter ms=373 total=386ms elements=30
2026-07-05T00:50:47: [chat/tools] search_place({"amenity":"restaurant","city":"Bruxelles"})→ok=true
2026-07-05T00:56:47: [chat/scrubbers] markdown/name/annonce scrubbed before_len=177 after_len=174
2026-07-05T00:56:47: [chat/tools] search_web({"query":"meilleures choses à faire à Londres tourisme 2025")→ok=true
2026-07-05T01:02:48: [overpass] OK mirror=https://z.overpass-api.de/api/interpreter ms=1595 total=1606ms elements=30
2026-07-05T01:02:48: [chat/scrubbers] markdown/name/annonce scrubbed before_len=33 after_len=9
2026-07-05T01:02:48: [chat/tools] search_place({"amenity":"restaurant","city":"Paris 10ème"})→ok=true
2026-07-05T01:08:47: [overpass] OK mirror=https://lz4.overpass-api.de/api/interpreter ms=417 total=423ms elements=30
2026-07-05T01:08:47: [chat/tools] search_place({"amenity":"restaurant","city":"Lyon"})→ok=true
2026-07-05T01:14:47: [overpass] OK mirror=https://overpass-api.de/api/interpreter ms=693 total=697ms elements=30
2026-07-05T01:14:47: [chat/scrubbers] markdown/name/annonce scrubbed before_len=55 after_len=54
2026-07-05T01:14:47: [chat/tools] search_place({"amenity":"restaurant","city":"Paris Bastille"})→ok=true
2026-07-05T01:20:48: [chat/scrubbers] markdown/name/annonce scrubbed before_len=310 after_len=309
2026-07-05T01:26:46: [overpass] OK mirror=https://z.overpass-api.de/api/interpreter ms=528 total=538ms elements=30
2026-07-05T01:26:46: [chat/scrubbers] markdown/name/annonce scrubbed before_len=33 after_len=9
2026-07-05T01:26:46: [chat/tools] search_place({"amenity":"hotel","city":"Barcelone"})→ok=true
2026-07-05T01:32:47: [chat/tools] search_place({"amenity":"hotel","city":"Barcelone"})→ok=true
2026-07-05T01:38:47: [overpass] OK mirror=https://z.overpass-api.de/api/interpreter ms=580 total=590ms elements=30
2026-07-05T01:38:47: [chat/tools] search_place({"amenity":"restaurant","city":"Paris 10e"})→ok=true
2026-07-05T01:44:46: [chat/scrubbers] markdown/name/annonce scrubbed before_len=18 after_len=0
2026-07-05T01:44:46: [chat/tools] search_place({"amenity":"restaurant","city":"Paris 10e"})→ok=true
2026-07-05T01:50:46: [chat/scrubbers] markdown/name/annonce scrubbed before_len=27 after_len=9
2026-07-05T01:50:46: [chat/tools] search_web({"query":"films récents 2024 2025 moins de 1h30 sympa recomm)→ok=true
2026-07-05T01:56:46: [chat/scrubbers] markdown/name/annonce scrubbed before_len=32 after_len=0
2026-07-05T01:56:46: [chat/tools] search_youtube({"query":"chats qui dansent drôle"})→ok=true
2026-07-05T02:02:47: [overpass] OK mirror=https://lz4.overpass-api.de/api/interpreter ms=951 total=955ms elements=30
2026-07-05T02:02:47: [chat/tools] search_place({"amenity":"restaurant","city":"Paris 11e"})→ok=true
2026-07-05T02:08:46: [chat/scrubbers] markdown/name/annonce scrubbed before_len=31 after_len=0
2026-07-05T02:08:46: [chat/tools] search_youtube({"query":"chats drôles vidéo humour"})→ok=true
2026-07-05T02:14:47: [overpass] OK mirror=https://z.overpass-api.de/api/interpreter ms=431 total=439ms elements=30
2026-07-05T02:14:47: [chat/scrubbers] markdown/name/annonce scrubbed before_len=33 after_len=9
2026-07-05T02:14:47: [chat/tools] search_place({"amenity":"restaurant","city":"Lyon"})→ok=true
2026-07-05T02:20:46: [overpass] OK mirror=https://lz4.overpass-api.de/api/interpreter ms=823 total=831ms elements=30
2026-07-05T02:20:46: [chat/tools] search_place({"amenity":"restaurant","city":"Paris 11e"})→ok=true
2026-07-05T02:26:46: [chat/tools] search_recipe({"query":"pâtes rapide facile"})→ok=true
2026-07-05T02:32:47: [overpass] OK mirror=https://z.overpass-api.de/api/interpreter ms=609 total=612ms elements=30
2026-07-05T02:32:47: [chat/scrubbers] markdown/name/annonce scrubbed before_len=63 after_len=62
2026-07-05T02:32:47: [chat/tools] search_place({"amenity":"restaurant","city":"Lyon"})→ok=true
2026-07-05T02:38:47: [overpass] OK mirror=https://lz4.overpass-api.de/api/interpreter ms=669 total=679ms elements=30
2026-07-05T02:38:47: [chat/scrubbers] markdown/name/annonce scrubbed before_len=33 after_len=9
2026-07-05T02:38:47: [chat/tools] search_place({"amenity":"restaurant","city":"Paris 11e"})→ok=true
2026-07-05T02:44:46: [chat/tools] search_youtube({"query":"chats drôles vidéos humour"})→ok=true
2026-07-05T02:50:47: [overpass] OK mirror=https://z.overpass-api.de/api/interpreter ms=615 total=631ms elements=30
2026-07-05T02:50:47: [chat/tools] search_place({"amenity":"hotel","city":"Bordeaux"})→ok=true
2026-07-05T02:56:47: [overpass] OK mirror=https://lz4.overpass-api.de/api/interpreter ms=493 total=496ms elements=30
2026-07-05T02:56:47: [chat/scrubbers] markdown/name/annonce scrubbed before_len=34 after_len=9
2026-07-05T02:56:47: [chat/tools] search_place({"amenity":"restaurant","city":"Paris Bastille"})→ok=true
2026-07-05T03:02:48: [overpass] OK mirror=https://overpass-api.de/api/interpreter ms=1293 total=1297ms elements=30
2026-07-05T03:02:48: [chat/scrubbers] markdown/name/annonce scrubbed before_len=37 after_len=13
2026-07-05T03:02:48: [chat/tools] search_place({"amenity":"restaurant","city":"Lyon Part-Dieu"})→ok=true
2026-07-05T03:08:47: [overpass] OK mirror=https://z.overpass-api.de/api/interpreter ms=641 total=654ms elements=30
2026-07-05T03:08:47: [chat/scrubbers] markdown/name/annonce scrubbed before_len=33 after_len=9
2026-07-05T03:08:47: [chat/tools] search_place({"amenity":"restaurant","city":"Paris 11e"})→ok=true
2026-07-05T03:14:48: [overpass] OK mirror=https://overpass-api.de/api/interpreter ms=1726 total=1731ms elements=30
2026-07-05T03:14:48: [chat/tools] search_place({"amenity":"restaurant","city":"Paris 10e"})→ok=true
2026-07-05T03:20:52: [chat/scrubbers] markdown/name/annonce scrubbed before_len=33 after_len=9
2026-07-05T03:20:52: [chat/tools] search_web({"query":"site:thefork.fr Paris"})→ok=true
2026-07-05T03:26:46: [overpass] OK mirror=https://z.overpass-api.de/api/interpreter ms=443 total=447ms elements=30
2026-07-05T03:26:46: [chat/scrubbers] markdown/name/annonce scrubbed before_len=33 after_len=9
2026-07-05T03:26:46: [chat/tools] search_place({"amenity":"restaurant","city":"Lyon"})→ok=true
2026-07-05T03:32:47: [overpass] OK mirror=https://lz4.overpass-api.de/api/interpreter ms=391 total=397ms elements=30
2026-07-05T03:32:47: [chat/scrubbers] markdown/name/annonce scrubbed before_len=33 after_len=9
2026-07-05T03:32:47: [chat/tools] search_place({"amenity":"restaurant","city":"Bordeaux"})→ok=true
2026-07-05T03:38:46: [chat/scrubbers] markdown/name/annonce scrubbed before_len=27 after_len=26
2026-07-05T03:38:46: [chat/tools] search_youtube({"query":"chats mignons compilations"})→ok=true
2026-07-05T03:44:46: [chat/tools] search_wikipedia({"topic":"The Beatles","lang":"fr"})→ok=true
2026-07-05T03:50:46: [overpass] OK mirror=https://lz4.overpass-api.de/api/interpreter ms=633 total=640ms elements=30
2026-07-05T03:50:46: [chat/tools] search_place({"amenity":"restaurant","city":"Paris 11e"})→ok=true
2026-07-05T03:56:47: [overpass] OK mirror=https://overpass-api.de/api/interpreter ms=690 total=700ms elements=30
2026-07-05T03:56:47: [chat/tools] search_place({"amenity":"hotel","city":"Barcelone"})→ok=true
2026-07-05T04:02:46: [overpass] OK mirror=https://z.overpass-api.de/api/interpreter ms=589 total=595ms elements=30
2026-07-05T04:02:46: [chat/scrubbers] markdown/name/annonce scrubbed before_len=27 after_len=9
2026-07-05T04:02:46: [chat/tools] search_place({"amenity":"restaurant","city":"Paris 11e"})→ok=true
2026-07-05T04:08:47: [overpass] OK mirror=https://lz4.overpass-api.de/api/interpreter ms=244 total=248ms elements=5
2026-07-05T04:08:47: [chat/scrubbers] markdown/name/annonce scrubbed before_len=37 after_len=13
2026-07-05T04:08:47: [chat/tools] search_place({"amenity":"restaurant","city":"Paris 14"})→ok=true
2026-07-05T04:14:48: [chat/scrubbers] markdown/name/annonce scrubbed before_len=33 after_len=9
2026-07-05T04:14:48: [chat/tools] search_recipe({"query":"cookies pépites chocolat sans gluten peu sucré"})→ok=true
2026-07-05T04:20:47: [overpass] OK mirror=https://overpass-api.de/api/interpreter ms=566 total=572ms elements=30
2026-07-05T04:20:47: [chat/tools] search_place({"amenity":"restaurant","city":"Paris"})→ok=true
2026-07-05T04:26:47: [overpass] OK mirror=https://overpass-api.de/api/interpreter ms=597 total=601ms elements=30
2026-07-05T04:26:47: [chat/scrubbers] markdown/name/annonce scrubbed before_len=33 after_len=9
2026-07-05T04:26:47: [chat/tools] search_place({"amenity":"restaurant","city":"Paris 11e"})→ok=true
2026-07-05T04:32:53: [chat/scrubbers] markdown/name/annonce scrubbed before_len=176 after_len=175
2026-07-05T04:32:53: [chat/tools] search_place({"amenity":"bar","city":"Paris Bastille"})→ok=true
2026-07-05T04:38:46: [chat/scrubbers] markdown/name/annonce scrubbed before_len=79 after_len=78
2026-07-05T04:38:46: [chat/tools] search_shop({"query":"bière artisanale"})→ok=false
2026-07-05T04:44:47: [overpass] OK mirror=https://overpass-api.de/api/interpreter ms=469 total=479ms elements=30
2026-07-05T04:44:47: [chat/tools] search_place({"amenity":"restaurant","city":"Toulouse"})→ok=true
2026-07-05T04:50:47: [overpass] OK mirror=https://z.overpass-api.de/api/interpreter ms=1506 total=1515ms elements=30
2026-07-05T04:50:47: [chat/tools] search_place({"amenity":"hotel","city":"Paris"})→ok=true
2026-07-05T04:56:47: [overpass] OK mirror=https://z.overpass-api.de/api/interpreter ms=486 total=493ms elements=30
2026-07-05T04:56:47: [chat/scrubbers] markdown/name/annonce scrubbed before_len=34 after_len=9
2026-07-05T04:56:47: [chat/tools] search_place({"amenity":"restaurant","city":"Paris Bastille"})→ok=true
2026-07-05T05:02:47: [overpass] OK mirror=https://z.overpass-api.de/api/interpreter ms=571 total=593ms elements=30
2026-07-05T05:02:47: [chat/tools] search_place({"amenity":"hotel","city":"Bordeaux"})→ok=true
2026-07-05T05:08:47: [chat/tools] search_recipe({"query":"pâtes carbonara facile"})→ok=true
2026-07-05T05:14:47: [overpass] OK mirror=https://z.overpass-api.de/api/interpreter ms=871 total=878ms elements=30
2026-07-05T05:14:47: [chat/scrubbers] markdown/name/annonce scrubbed before_len=33 after_len=9
2026-07-05T05:14:47: [chat/tools] search_place({"amenity":"restaurant","city":"Paris 10e"})→ok=true
2026-07-05T05:20:51: [overpass] OK mirror=https://z.overpass-api.de/api/interpreter ms=4598 total=4609ms elements=30
2026-07-05T05:20:51: [chat/scrubbers] markdown/name/annonce scrubbed before_len=62 after_len=61
2026-07-05T05:20:51: [chat/tools] search_place({"amenity":"restaurant","city":"Lyon"})→ok=true
2026-07-05T05:26:52: [chat/scrubbers] markdown/name/annonce scrubbed before_len=56 after_len=31
2026-07-05T05:26:52: [chat/tools] search_web({"query":"site:thefork.fr Paris 10e"})→ok=true
2026-07-05T05:32:47: [chat/tools] search_recipe({"query":"poulet pâtes rapide"})→ok=true
2026-07-05T05:38:47: [overpass] OK mirror=https://z.overpass-api.de/api/interpreter ms=398 total=411ms elements=30
2026-07-05T05:38:47: [chat/scrubbers] markdown/name/annonce scrubbed before_len=33 after_len=9
2026-07-05T05:38:47: [chat/tools] search_place({"amenity":"restaurant","city":"Lyon 3e"})→ok=true
2026-07-05T05:44:47: [overpass] OK mirror=https://overpass-api.de/api/interpreter ms=296 total=301ms elements=7
2026-07-05T05:44:47: [chat/scrubbers] markdown/name/annonce scrubbed before_len=33 after_len=9
2026-07-05T05:44:47: [chat/tools] search_place({"amenity":"restaurant","city":"Paris 11"})→ok=true
2026-07-05T05:50:46: [chat/tools] get_weather({"city":"Paris"})→ok=true
2026-07-05T05:56:47: [overpass] OK mirror=https://z.overpass-api.de/api/interpreter ms=494 total=500ms elements=30
2026-07-05T05:56:47: [chat/scrubbers] markdown/name/annonce scrubbed before_len=57 after_len=56
2026-07-05T05:56:47: [chat/tools] search_place({"amenity":"hotel","city":"Barcelone"})→ok=true
2026-07-05T06:02:46: [overpass] OK mirror=https://overpass-api.de/api/interpreter ms=642 total=646ms elements=30
2026-07-05T06:02:46: [chat/scrubbers] markdown/name/annonce scrubbed before_len=33 after_len=9
2026-07-05T06:02:46: [chat/tools] search_place({"amenity":"restaurant","city":"Paris 11e"})→ok=true
2026-07-05T06:08:47: [chat/scrubbers] markdown/name/annonce scrubbed before_len=54 after_len=53
2026-07-05T06:08:47: [chat/tools] search_recipe({"query":"pâtes carbonara"})→ok=true
2026-07-05T06:14:47: [overpass] OK mirror=https://overpass-api.de/api/interpreter ms=781 total=786ms elements=30
2026-07-05T06:14:47: [chat/tools] search_place({"amenity":"restaurant","city":"Paris 10e"})→ok=true
2026-07-05T06:20:47: [overpass] OK mirror=https://z.overpass-api.de/api/interpreter ms=281 total=289ms elements=30
2026-07-05T06:20:47: [chat/tools] search_place({"amenity":"restaurant","city":"Nice"})→ok=true
2026-07-05T06:26:47: [overpass] OK mirror=https://overpass-api.de/api/interpreter ms=646 total=654ms elements=30
2026-07-05T06:26:47: [chat/scrubbers] markdown/name/annonce scrubbed before_len=33 after_len=9
2026-07-05T06:26:47: [chat/tools] search_place({"amenity":"restaurant","city":"Paris 10e"})→ok=true
2026-07-05T06:32:46: [chat/tools] search_recipe({"query":"poulet"})→ok=true
2026-07-05T06:38:47: [overpass] OK mirror=https://z.overpass-api.de/api/interpreter ms=565 total=573ms elements=30
2026-07-05T06:38:47: [chat/tools] search_place({"amenity":"restaurant","city":"Paris 3ème"})→ok=true
2026-07-05T06:44:47: [chat/tools] search_recipe({"query":"poulet pâtes rapide"})→ok=true
2026-07-05T06:50:47: [chat/tools] search_recipe({"query":"boeuf bourguignon traditionnel"})→ok=true
2026-07-05T06:56:48: [overpass] OK mirror=https://z.overpass-api.de/api/interpreter ms=1096 total=1108ms elements=30
2026-07-05T06:56:48: [chat/tools] search_place({"amenity":"restaurant","city":"Paris Gambetta"})→ok=true
2026-07-05T07:02:48: [overpass] OK mirror=https://z.overpass-api.de/api/interpreter ms=1442 total=1460ms elements=30
2026-07-05T07:02:48: [chat/scrubbers] markdown/name/annonce scrubbed before_len=33 after_len=9
2026-07-05T07:02:48: [chat/tools] search_place({"amenity":"restaurant","city":"Paris Bastille"})→ok=true
2026-07-05T07:08:47: [overpass] OK mirror=https://z.overpass-api.de/api/interpreter ms=744 total=755ms elements=30
2026-07-05T07:08:47: [chat/scrubbers] markdown/name/annonce scrubbed before_len=33 after_len=9
2026-07-05T07:08:47: [chat/tools] search_place({"amenity":"hotel","city":"Barcelone"})→ok=true
2026-07-05T07:14:47: [overpass] OK mirror=https://lz4.overpass-api.de/api/interpreter ms=833 total=839ms elements=30
2026-07-05T07:14:47: [chat/scrubbers] markdown/name/annonce scrubbed before_len=33 after_len=9
2026-07-05T07:14:47: [chat/tools] search_place({"amenity":"restaurant","city":"Paris Bastille"})→ok=true
2026-07-05T07:20:47: [chat/scrubbers] markdown/name/annonce scrubbed before_len=85 after_len=84
2026-07-05T07:20:47: [chat/tools] search_youtube({"query":"meilleurs films d'action 2024 2025"})→ok=true
2026-07-05T07:26:46: [overpass] OK mirror=https://overpass-api.de/api/interpreter ms=612 total=620ms elements=30
2026-07-05T07:26:46: [chat/tools] search_place({"amenity":"restaurant","city":"Paris 10e"})→ok=true
2026-07-05T07:32:49: [overpass] OK mirror=https://overpass-api.de/api/interpreter ms=1166 total=1172ms elements=30
2026-07-05T07:32:49: [chat/tools] search_place({"amenity":"fast_food","city":"Paris"})→ok=true
2026-07-05T07:38:46: [chat/tools] get_weather({"city":"Nice"})→ok=true
2026-07-05T07:44:47: [overpass] OK mirror=https://overpass-api.de/api/interpreter ms=574 total=585ms elements=30
2026-07-05T07:44:47: [chat/scrubbers] markdown/name/annonce scrubbed before_len=33 after_len=9
2026-07-05T07:44:47: [chat/tools] search_place({"amenity":"restaurant","city":"Paris 11e"})→ok=true
2026-07-05T07:50:49: [overpass] OK mirror=https://overpass-api.de/api/interpreter ms=2366 total=2373ms elements=30
2026-07-05T07:50:49: [chat/scrubbers] markdown/name/annonce scrubbed before_len=33 after_len=9
2026-07-05T07:50:49: [chat/tools] search_place({"amenity":"restaurant","city":"Paris Bastille"})→ok=true
2026-07-05T07:56:47: [overpass] OK mirror=https://z.overpass-api.de/api/interpreter ms=424 total=439ms elements=30
2026-07-05T07:56:47: [chat/scrubbers] markdown/name/annonce scrubbed before_len=29 after_len=4
2026-07-05T07:56:47: [chat/tools] search_place({"amenity":"restaurant","city":"Boulogne-Billancourt"})→ok=true
2026-07-05T08:02:47: [chat/scrubbers] markdown/name/annonce scrubbed before_len=27 after_len=9
2026-07-05T08:02:47: [chat/tools] search_youtube({"query":"vidéos marrantes chats humour"})→ok=true
2026-07-05T08:08:47: [chat/tools] search_recipe({"query":"carbonara sans crème recette traditionnelle"})→ok=true
2026-07-05T08:14:47: [chat/tools] search_recipe({"query":"pâtes carbonara rapide"})→ok=true
2026-07-05T08:20:47: [overpass] OK mirror=https://z.overpass-api.de/api/interpreter ms=390 total=398ms elements=7
2026-07-05T08:20:47: [chat/tools] search_place({"amenity":"restaurant","city":"Paris 11"})→ok=true
2026-07-05T08:26:49: [chat/scrubbers] markdown/name/annonce scrubbed before_len=537 after_len=491
2026-07-05T08:32:47: [overpass] OK mirror=https://lz4.overpass-api.de/api/interpreter ms=735 total=748ms elements=30
2026-07-05T08:32:47: [chat/tools] search_place({"amenity":"restaurant","city":"Paris 11e"})→ok=true
2026-07-05T08:38:48: [overpass] OK mirror=https://lz4.overpass-api.de/api/interpreter ms=1703 total=1713ms elements=30
2026-07-05T08:38:48: [chat/tools] search_place({"amenity":"hotel","city":"Paris"})→ok=true
2026-07-05T08:44:47: [overpass] OK mirror=https://z.overpass-api.de/api/interpreter ms=491 total=501ms elements=30
2026-07-05T08:44:47: [chat/scrubbers] markdown/name/annonce scrubbed before_len=64 after_len=63
2026-07-05T08:44:47: [chat/tools] search_place({"amenity":"restaurant","city":"Lyon"})→ok=true
2026-07-05T08:50:47: [overpass] OK mirror=https://lz4.overpass-api.de/api/interpreter ms=598 total=602ms elements=30
2026-07-05T08:50:47: [chat/scrubbers] markdown/name/annonce scrubbed before_len=17 after_len=0
2026-07-05T08:50:47: [chat/tools] search_place({"amenity":"restaurant","city":"Paris 10e"})→ok=true
2026-07-05T08:56:47: [chat/tools] search_place({"amenity":"restaurant","city":"Paris 10e"})→ok=true
2026-07-05T09:02:49: [chat/scrubbers] markdown/name/annonce scrubbed before_len=342 after_len=340
2026-07-05T09:08:48: [overpass] OK mirror=https://z.overpass-api.de/api/interpreter ms=839 total=855ms elements=30
2026-07-05T09:08:48: [chat/scrubbers] markdown/name/annonce scrubbed before_len=33 after_len=9
2026-07-05T09:08:48: [chat/tools] search_place({"amenity":"restaurant","city":"Paris"})→ok=true
2026-07-05T09:14:47: [overpass] OK mirror=https://z.overpass-api.de/api/interpreter ms=378 total=418ms elements=30
2026-07-05T09:14:47: [chat/tools] search_place({"amenity":"restaurant","city":"Lyon 3e"})→ok=true
2026-07-05T09:20:47: [chat/tools] search_youtube({"query":"chatons qui jouent"})→ok=true
2026-07-05T09:26:48: [overpass] OK mirror=https://z.overpass-api.de/api/interpreter ms=679 total=690ms elements=30
2026-07-05T09:26:48: [chat/tools] search_place({"amenity":"hotel","city":"Barcelone"})→ok=true
2026-07-05T09:32:48: [overpass] OK mirror=https://z.overpass-api.de/api/interpreter ms=1675 total=1686ms elements=30
2026-07-05T09:32:48: [chat/scrubbers] markdown/name/annonce scrubbed before_len=33 after_len=9
2026-07-05T09:32:48: [chat/tools] search_place({"amenity":"restaurant","city":"Paris 10e"})→ok=true
2026-07-05T09:38:46: [chat/scrubbers] markdown/name/annonce scrubbed before_len=33 after_len=9
2026-07-05T09:38:46: [chat/tools] search_place({"amenity":"restaurant","city":"Paris 10e"})→ok=true
2026-07-05T09:44:47: [chat/tools] search_youtube({"query":"chat qui danse drôle"})→ok=true
2026-07-05T09:50:49: [overpass] OK mirror=https://overpass-api.de/api/interpreter ms=1116 total=1125ms elements=30
2026-07-05T09:50:49: [chat/tools] search_place({"amenity":"restaurant","city":"Montmartre Paris"})→ok=true
2026-07-05T09:56:50: [chat/scrubbers] markdown/name/annonce scrubbed before_len=569 after_len=553
2026-07-05T10:02:49: [overpass] OK mirror=https://lz4.overpass-api.de/api/interpreter ms=2036 total=2044ms elements=30
2026-07-05T10:02:49: [chat/scrubbers] markdown/name/annonce scrubbed before_len=33 after_len=9
2026-07-05T10:02:49: [chat/tools] search_place({"amenity":"restaurant","city":"Paris 11e"})→ok=true
2026-07-05T10:08:49: [overpass] OK mirror=https://overpass-api.de/api/interpreter ms=683 total=693ms elements=30
2026-07-05T10:08:49: [chat/scrubbers] markdown/name/annonce scrubbed before_len=33 after_len=9
2026-07-05T10:08:49: [chat/tools] search_place({"amenity":"restaurant","city":"Lyon"})→ok=true
2026-07-05T10:14:48: [chat/tools] search_recipe({"query":"pancakes facile rapide"})→ok=true
2026-07-05T10:20:46: [chat/scrubbers] markdown/name/annonce scrubbed before_len=81 after_len=79
2026-07-05T10:26:52: [chat/tools] search_place({"amenity":"restaurant","city":"Paris Bastille"})→ok=true
2026-07-05T10:32:49: [chat/tools] get_weather({"city":"New York"})→ok=true
2026-07-05T10:38:48: [overpass] OK mirror=https://z.overpass-api.de/api/interpreter ms=604 total=624ms elements=30
2026-07-05T10:38:48: [chat/tools] search_place({"amenity":"bar","city":"Paris"})→ok=true
2026-07-05T10:44:47: [chat/scrubbers] markdown/name/annonce scrubbed before_len=51 after_len=50
2026-07-05T10:44:47: [chat/tools] search_recipe({"query":"pâtes tomates cerises rapide"})→ok=true
2026-07-05T10:50:48: [overpass] OK mirror=https://overpass-api.de/api/interpreter ms=666 total=674ms elements=30
2026-07-05T10:50:48: [chat/tools] search_place({"amenity":"restaurant","city":"Paris"})→ok=true
2026-07-05T10:56:48: [overpass] OK mirror=https://lz4.overpass-api.de/api/interpreter ms=941 total=950ms elements=30
2026-07-05T10:56:48: [chat/scrubbers] markdown/name/annonce scrubbed before_len=31 after_len=0
2026-07-05T10:56:48: [chat/tools] search_place({"amenity":"restaurant","city":"Paris 10ème"})→ok=true
2026-07-05T11:02:48: [overpass] OK mirror=https://z.overpass-api.de/api/interpreter ms=672 total=690ms elements=30
2026-07-05T11:02:48: [chat/scrubbers] markdown/name/annonce scrubbed before_len=29 after_len=4
2026-07-05T11:02:48: [chat/tools] search_place({"amenity":"fast_food","city":"Paris"})→ok=true
2026-07-05T11:08:51: [overpass] OK mirror=https://z.overpass-api.de/api/interpreter ms=822 total=830ms elements=30
2026-07-05T11:08:51: [chat/tools] search_place({"amenity":"restaurant","city":"Paris"})→ok=true
2026-07-05T11:14:48: [chat/scrubbers] markdown/name/annonce scrubbed before_len=56 after_len=55
2026-07-05T11:14:48: [chat/tools] search_recipe({"query":"pâtes rapide"})→ok=true
2026-07-05T11:20:47: [overpass] OK mirror=https://overpass-api.de/api/interpreter ms=554 total=564ms elements=30
2026-07-05T11:20:47: [chat/tools] search_place({"amenity":"restaurant","city":"Lyon"})→ok=true
2026-07-05T11:26:47: [chat/tools] search_place({"amenity":"hotel","city":""})→ok=true
2026-07-05T11:32:47: [chat/tools] get_weather({"city":"Lille"})→ok=true
2026-07-05T11:38:48: [overpass] OK mirror=https://z.overpass-api.de/api/interpreter ms=674 total=684ms elements=30
2026-07-05T11:38:48: [chat/scrubbers] markdown/name/annonce scrubbed before_len=27 after_len=9
2026-07-05T11:38:48: [chat/tools] search_place({"amenity":"restaurant","city":"Paris 3e"})→ok=true
2026-07-05T11:44:47: [chat/scrubbers] markdown/name/annonce scrubbed before_len=88 after_len=57
2026-07-05T11:44:47: [chat/tools] search_music({"query":"rock alternatif groupes pas connus"})→ok=true
2026-07-05T11:50:52: [chat/scrubbers] markdown/name/annonce scrubbed before_len=680 after_len=666
2026-07-05T11:56:49: [overpass] OK mirror=https://lz4.overpass-api.de/api/interpreter ms=592 total=604ms elements=30
2026-07-05T11:56:49: [chat/tools] search_place({"amenity":"restaurant","city":"Paris 11e"})→ok=true
2026-07-05T12:02:49: [chat/scrubbers] markdown/name/annonce scrubbed before_len=88 after_len=87
2026-07-05T12:08:48: [overpass] OK mirror=https://lz4.overpass-api.de/api/interpreter ms=750 total=757ms elements=30
2026-07-05T12:08:48: [chat/scrubbers] markdown/name/annonce scrubbed before_len=33 after_len=9
2026-07-05T12:08:48: [chat/tools] search_place({"amenity":"restaurant","city":"Paris"})→ok=true
2026-07-05T12:14:51: [overpass] OK mirror=https://lz4.overpass-api.de/api/interpreter ms=2712 total=2720ms elements=30
2026-07-05T12:14:51: [chat/tools] search_place({"amenity":"restaurant","city":"Paris 10e"})→ok=true
2026-07-05T12:20:49: [overpass] OK mirror=https://z.overpass-api.de/api/interpreter ms=558 total=569ms elements=30
2026-07-05T12:20:49: [chat/scrubbers] markdown/name/annonce scrubbed before_len=28 after_len=4
2026-07-05T12:20:49: [chat/tools] search_place({"amenity":"restaurant","city":"Lille"})→ok=true
2026-07-05T12:26:52: [overpass] OK mirror=https://overpass-api.de/api/interpreter ms=4737 total=4740ms elements=30
2026-07-05T12:26:52: [chat/scrubbers] markdown/name/annonce scrubbed before_len=71 after_len=70
2026-07-05T12:26:52: [chat/tools] search_place({"amenity":"restaurant","city":"Paris 11e"})→ok=true
2026-07-05T12:32:50: [overpass] OK mirror=https://z.overpass-api.de/api/interpreter ms=2353 total=2366ms elements=30
2026-07-05T12:32:50: [chat/tools] search_place({"amenity":"restaurant","city":"Paris Bastille"})→ok=true
2026-07-05T12:38:54: [chat/scrubbers] markdown/name/annonce scrubbed before_len=33 after_len=9
2026-07-05T12:38:54: [chat/tools] search_web({"query":"site:booking.com hôtel Nice"})→ok=true
2026-07-05T12:44:48: [chat/tools] search_recipe({"query":"pâtes rapides 15 minutes"})→ok=true
2026-07-05T12:50:48: [overpass] OK mirror=https://lz4.overpass-api.de/api/interpreter ms=613 total=623ms elements=30
2026-07-05T12:50:48: [chat/scrubbers] markdown/name/annonce scrubbed before_len=33 after_len=9
2026-07-05T12:50:48: [chat/tools] search_place({"amenity":"restaurant","city":"Paris 11e"})→ok=true
2026-07-05T12:56:47: [chat/tools] get_weather({"city":"Paris"})→ok=true
2026-07-05T13:02:48: [chat/scrubbers] markdown/name/annonce scrubbed before_len=27 after_len=9
2026-07-05T13:02:48: [chat/tools] search_recipe({"query":"pâtes carbonara facile"})→ok=true
2026-07-05T13:08:48: [chat/scrubbers] markdown/name/annonce scrubbed before_len=55 after_len=54
2026-07-05T13:08:48: [chat/tools] search_recipe({"query":"pâtes rapides faciles"})→ok=true
2026-07-05T13:14:49: [overpass] OK mirror=https://z.overpass-api.de/api/interpreter ms=953 total=968ms elements=30
2026-07-05T13:14:49: [chat/scrubbers] markdown/name/annonce scrubbed before_len=136 after_len=135
2026-07-05T13:14:49: [chat/tools] search_place({"amenity":"restaurant","city":"Paris"})→ok=true
2026-07-05T13:20:49: [overpass] OK mirror=https://z.overpass-api.de/api/interpreter ms=916 total=932ms elements=30
2026-07-05T13:20:49: [chat/scrubbers] markdown/name/annonce scrubbed before_len=18 after_len=0
2026-07-05T13:20:49: [chat/tools] search_place({"amenity":"fast_food","city":"Paris"})→ok=true
2026-07-05T13:26:48: [overpass] OK mirror=https://overpass-api.de/api/interpreter ms=1172 total=1176ms elements=30
2026-07-05T13:26:48: [chat/scrubbers] markdown/name/annonce scrubbed before_len=33 after_len=9
2026-07-05T13:26:48: [chat/tools] search_place({"amenity":"restaurant","city":"Toulouse"})→ok=true
2026-07-05T13:32:47: [chat/tools] search_recipe({"query":"pâtes carbonara"})→ok=true
2026-07-05T13:38:48: [overpass] OK mirror=https://lz4.overpass-api.de/api/interpreter ms=635 total=647ms elements=30
2026-07-05T13:38:48: [chat/scrubbers] markdown/name/annonce scrubbed before_len=33 after_len=9
2026-07-05T13:38:48: [chat/tools] search_place({"amenity":"restaurant","city":"Paris Bastille"})→ok=true
2026-07-05T13:44:50: [overpass] OK mirror=https://overpass-api.de/api/interpreter ms=1986 total=1992ms elements=30
2026-07-05T13:44:50: [chat/tools] search_place({"amenity":"restaurant","city":"Paris 10e"})→ok=true
2026-07-05T13:50:49: [overpass] OK mirror=https://z.overpass-api.de/api/interpreter ms=1936 total=1949ms elements=30
2026-07-05T13:50:49: [chat/scrubbers] markdown/name/annonce scrubbed before_len=77 after_len=76
2026-07-05T13:50:49: [chat/tools] search_place({"amenity":"restaurant","city":"Montpellier"})→ok=true
2026-07-05T13:56:49: [overpass] OK mirror=https://z.overpass-api.de/api/interpreter ms=888 total=917ms elements=30
2026-07-05T13:56:49: [chat/tools] search_place({"amenity":"restaurant","city":"Montmartre Paris"})→ok=true
2026-07-05T14:02:47: [chat/tools] get_weather({"city":"Tokyo"})→ok=true
2026-07-05T14:08:51: [overpass] OK mirror=https://lz4.overpass-api.de/api/interpreter ms=1472 total=1486ms elements=30
2026-07-05T14:08:51: [chat/tools] search_place({"amenity":"restaurant","city":"Paris 10e"})→ok=true
2026-07-05T14:14:48: [overpass] OK mirror=https://z.overpass-api.de/api/interpreter ms=872 total=883ms elements=30
2026-07-05T14:14:48: [chat/scrubbers] markdown/name/annonce scrubbed before_len=33 after_len=9
2026-07-05T14:14:48: [chat/tools] search_place({"amenity":"restaurant","city":"Paris 11e"})→ok=true
2026-07-05T14:20:50: [chat/tools] search_recipe({"query":"pâtes carbonara sans crème"})→ok=true
2026-07-05T14:26:49: [overpass] OK mirror=https://z.overpass-api.de/api/interpreter ms=687 total=704ms elements=30
2026-07-05T14:26:52: [overpass] OK mirror=https://lz4.overpass-api.de/api/interpreter ms=3006 total=3092ms elements=30
2026-07-05T14:26:52: [chat/tools] search_place({"amenity":"bar","city":"Paris"})→ok=true | search_place({"amenity":"restaurant","city":"Paris"})→ok=true
2026-07-05T14:32:48: [chat/scrubbers] markdown/name/annonce scrubbed before_len=65 after_len=63
2026-07-05T14:32:48: [chat/tools] search_recipe({"query":"pâtes beurre parmesan"})→ok=true
2026-07-05T14:38:50: [overpass] OK mirror=https://z.overpass-api.de/api/interpreter ms=3792 total=3816ms elements=30
2026-07-05T14:38:50: [chat/scrubbers] markdown/name/annonce scrubbed before_len=23 after_len=0
2026-07-05T14:38:50: [chat/tools] search_place({"amenity":"restaurant","city":"Paris 10e"})→ok=true
2026-07-05T14:44:48: [overpass] OK mirror=https://lz4.overpass-api.de/api/interpreter ms=615 total=627ms elements=30
2026-07-05T14:44:48: [chat/tools] search_place({"amenity":"restaurant","city":"Montpellier"})→ok=true
2026-07-05T14:50:48: [overpass] OK mirror=https://overpass-api.de/api/interpreter ms=1206 total=1213ms elements=30
2026-07-05T14:50:48: [chat/tools] search_place({"amenity":"restaurant","city":"Paris 11e"})→ok=true
2026-07-05T14:56:48: [overpass] OK mirror=https://z.overpass-api.de/api/interpreter ms=713 total=718ms elements=30
2026-07-05T14:56:48: [chat/tools] search_place({"amenity":"restaurant","city":"Paris"})→ok=true
2026-07-05T15:02:47: [chat/tools] get_weather({"city":"Nice"})→ok=true
2026-07-05T15:08:47: [overpass] OK mirror=https://z.overpass-api.de/api/interpreter ms=582 total=593ms elements=30
2026-07-05T15:08:47: [chat/scrubbers] markdown/name/annonce scrubbed before_len=33 after_len=9
2026-07-05T15:08:47: [chat/tools] search_place({"amenity":"fast_food","city":"Paris"})→ok=true
2026-07-05T15:14:47: [overpass] OK mirror=https://z.overpass-api.de/api/interpreter ms=399 total=411ms elements=30
2026-07-05T15:14:47: [chat/tools] search_place({"amenity":"restaurant","city":"Grenoble"})→ok=true
2026-07-05T15:20:48: [overpass] OK mirror=https://z.overpass-api.de/api/interpreter ms=433 total=445ms elements=30
2026-07-05T15:20:48: [chat/scrubbers] markdown/name/annonce scrubbed before_len=68 after_len=67
2026-07-05T15:20:48: [chat/tools] search_place({"amenity":"restaurant","city":"Montpellier"})→ok=true
2026-07-05T15:26:47: [chat/scrubbers] markdown/name/annonce scrubbed before_len=27 after_len=26
2026-07-05T15:26:47: [chat/tools] search_youtube({"query":"chats drôles humour"})→ok=true
2026-07-05T15:32:53: [chat/scrubbers] markdown/name/annonce scrubbed before_len=33 after_len=9
2026-07-05T15:32:53: [chat/tools] search_web({"query":"site:thefork.fr Paris 11e"})→ok=true
2026-07-05T15:38:49: [overpass] OK mirror=https://z.overpass-api.de/api/interpreter ms=1797 total=1808ms elements=30
2026-07-05T15:38:49: [chat/tools] search_place({"amenity":"restaurant","city":"Paris 10e"})→ok=true
2026-07-05T15:44:47: [chat/scrubbers] markdown/name/annonce scrubbed before_len=23 after_len=0
2026-07-05T15:44:47: [chat/tools] search_web({"query":"Black Mirror saisons disponibles"})→ok=true
2026-07-05T15:50:47: [chat/scrubbers] markdown/name/annonce scrubbed before_len=38 after_len=37
2026-07-05T15:50:47: [chat/tools] search_place({"amenity":"fast_food","city":""})→ok=true
2026-07-05T15:56:48: [overpass] OK mirror=https://z.overpass-api.de/api/interpreter ms=637 total=659ms elements=30
2026-07-05T15:56:48: [chat/tools] search_place({"amenity":"restaurant","city":"Paris Bastille"})→ok=true
2026-07-05T16:02:48: [chat/tools] get_weather({"city":"Paris"})→ok=true
2026-07-05T16:08:48: [chat/scrubbers] markdown/name/annonce scrubbed before_len=27 after_len=9
2026-07-05T16:08:48: [chat/tools] search_youtube({"query":"chat qui danse reggaeton"})→ok=true
2026-07-05T16:14:48: [overpass] OK mirror=https://overpass-api.de/api/interpreter ms=735 total=740ms elements=30
2026-07-05T16:14:48: [chat/scrubbers] markdown/name/annonce scrubbed before_len=33 after_len=9
2026-07-05T16:14:48: [chat/tools] search_place({"amenity":"restaurant","city":"Paris 11e"})→ok=true
2026-07-05T16:20:50: [overpass] OK mirror=https://z.overpass-api.de/api/interpreter ms=750 total=772ms elements=30
2026-07-05T16:20:50: [chat/tools] search_place({"amenity":"restaurant","city":"Lyon 6"})→ok=true
2026-07-05T16:26:48: [overpass] OK mirror=https://z.overpass-api.de/api/interpreter ms=692 total=711ms elements=30
2026-07-05T16:26:48: [chat/scrubbers] markdown/name/annonce scrubbed before_len=33 after_len=9
2026-07-05T16:26:48: [chat/tools] search_place({"amenity":"restaurant","city":"Paris"})→ok=true
2026-07-05T16:32:49: [overpass] OK mirror=https://overpass-api.de/api/interpreter ms=1748 total=1754ms elements=30
2026-07-05T16:32:49: [chat/tools] search_place({"amenity":"restaurant","city":"Paris Bastille"})→ok=true
2026-07-05T16:38:49: [overpass] OK mirror=https://lz4.overpass-api.de/api/interpreter ms=1584 total=1590ms elements=30
2026-07-05T16:38:49: [chat/tools] search_place({"amenity":"restaurant","city":"Toulouse"})→ok=true
2026-07-05T16:44:53: [chat/scrubbers] markdown/name/annonce scrubbed before_len=33 after_len=9
2026-07-05T16:44:53: [chat/tools] search_web({"query":"site:thefork.fr Paris"})→ok=true
2026-07-05T16:50:48: [overpass] OK mirror=https://lz4.overpass-api.de/api/interpreter ms=1168 total=1176ms elements=30
2026-07-05T16:50:48: [chat/tools] search_place({"amenity":"hotel","city":"Barcelone"})→ok=true
2026-07-05T16:56:48: [chat/tools] search_recipe({"query":"pâtes carbonara rapide"})→ok=true
2026-07-05T17:02:47: [chat/tools] search_music({"query":"musique relaxante étude"})→ok=true
2026-07-05T17:08:50: [chat/scrubbers] markdown/name/annonce scrubbed before_len=947 after_len=912
2026-07-05T17:14:49: [overpass] OK mirror=https://lz4.overpass-api.de/api/interpreter ms=1390 total=1405ms elements=30
2026-07-05T17:14:49: [chat/scrubbers] markdown/name/annonce scrubbed before_len=33 after_len=9
2026-07-05T17:14:49: [chat/tools] search_place({"amenity":"restaurant","city":"Paris 13e"})→ok=true
2026-07-05T17:20:47: [chat/tools] get_weather({"city":"Tokyo"})→ok=true
2026-07-05T17:26:48: [overpass] OK mirror=https://z.overpass-api.de/api/interpreter ms=424 total=431ms elements=30
2026-07-05T17:26:48: [chat/scrubbers] markdown/name/annonce scrubbed before_len=37 after_len=13
2026-07-05T17:26:48: [chat/tools] search_place({"amenity":"restaurant","city":"Lyon"})→ok=true
2026-07-05T17:32:48: [chat/tools] search_recipe({"query":"carbonara facile rapide"})→ok=true
2026-07-05T17:38:47: [chat/tools] search_recipe({"query":"pâtes crémeuses champignons"})→ok=true
2026-07-05T17:44:47: [overpass] OK mirror=https://lz4.overpass-api.de/api/interpreter ms=678 total=691ms elements=30
2026-07-05T17:44:47: [chat/tools] search_place({"amenity":"restaurant","city":"Paris"})→ok=true
2026-07-05T17:50:47: [chat/scrubbers] markdown/name/annonce scrubbed before_len=33 after_len=9
2026-07-05T17:50:47: [chat/tools] search_place({"amenity":"restaurant","city":"Paris"})→ok=true
2026-07-05T17:56:47: [chat/tools] get_weather({"city":"Tokyo"})→ok=true
2026-07-05T18:02:48: [chat/tools] search_recipe({"query":"poulet pâtes facile"})→ok=true
2026-07-05T18:08:47: [chat/tools] get_weather({"city":"Paris"})→ok=true
2026-07-05T18:14:51: [overpass] OK mirror=https://z.overpass-api.de/api/interpreter ms=4035 total=4046ms elements=30
2026-07-05T18:14:51: [chat/tools] search_place({"amenity":"hotel","city":"Marseille"})→ok=true
2026-07-05T18:20:47: [overpass] OK mirror=https://overpass-api.de/api/interpreter ms=831 total=836ms elements=30
2026-07-05T18:20:47: [chat/tools] search_place({"amenity":"restaurant","city":"Paris"})→ok=true
2026-07-05T18:26:47: [chat/tools] get_weather({"city":"Tokyo"})→ok=true | search_place({"amenity":"restaurant","city":"Paris"})→ok=true
2026-07-05T18:32:48: [chat/scrubbers] markdown/name/annonce scrubbed before_len=370 after_len=357
2026-07-05T18:38:48: [overpass] OK mirror=https://z.overpass-api.de/api/interpreter ms=675 total=689ms elements=30
2026-07-05T18:38:48: [chat/tools] search_place({"amenity":"restaurant","city":"Paris 11e"})→ok=true
2026-07-05T18:44:48: [overpass] OK mirror=https://overpass-api.de/api/interpreter ms=552 total=557ms elements=30
2026-07-05T18:44:48: [chat/scrubbers] markdown/name/annonce scrubbed before_len=33 after_len=9
2026-07-05T18:44:48: [chat/tools] search_place({"amenity":"restaurant","city":"Paris 13e"})→ok=true
2026-07-05T18:50:47: [chat/scrubbers] markdown/name/annonce scrubbed before_len=178 after_len=177
2026-07-05T18:50:47: [chat/scrubber] forbidden phrases removed before_len=177 after_len=58
2026-07-05T18:56:47: [chat/tools] search_youtube({"query":"recette pâtes carbonara facile"})→ok=true
2026-07-05T19:02:47: [overpass] OK mirror=https://overpass-api.de/api/interpreter ms=540 total=548ms elements=30
2026-07-05T19:02:47: [chat/scrubbers] markdown/name/annonce scrubbed before_len=28 after_len=9
2026-07-05T19:02:47: [chat/tools] search_place({"amenity":"restaurant","city":"Lyon 7e"})→ok=true
2026-07-05T19:08:47: [chat/tools] search_youtube({"query":"chats marrants compilations humour"})→ok=true
2026-07-05T19:14:48: [overpass] OK mirror=https://lz4.overpass-api.de/api/interpreter ms=790 total=800ms elements=30
2026-07-05T19:14:48: [chat/scrubbers] markdown/name/annonce scrubbed before_len=33 after_len=9
2026-07-05T19:14:48: [chat/tools] search_place({"amenity":"restaurant","city":"Montpellier"})→ok=true
2026-07-05T19:20:52: [overpass] OK mirror=https://lz4.overpass-api.de/api/interpreter ms=3403 total=3425ms elements=30
2026-07-05T19:20:52: [chat/scrubbers] markdown/name/annonce scrubbed before_len=92 after_len=91
2026-07-05T19:20:52: [chat/tools] search_place({"amenity":"restaurant","city":"Lyon Croix-Rousse"})→ok=true
2026-07-05T19:26:47: [chat/tools] search_youtube({"query":"vidéo drôle humour soirée entre potes 2024"})→ok=true
2026-07-05T19:32:48: [chat/scrubbers] markdown/name/annonce scrubbed before_len=41 after_len=40
2026-07-05T19:32:48: [chat/tools] search_youtube({"query":"chats drôles humour"})→ok=true
2026-07-05T19:38:49: [overpass] OK mirror=https://lz4.overpass-api.de/api/interpreter ms=1253 total=1263ms elements=30
2026-07-05T19:38:49: [chat/scrubbers] markdown/name/annonce scrubbed before_len=33 after_len=9
2026-07-05T19:38:49: [chat/tools] search_place({"amenity":"restaurant","city":"Paris 11e"})→ok=true
2026-07-05T19:44:48: [overpass] OK mirror=https://overpass-api.de/api/interpreter ms=345 total=349ms elements=30
2026-07-05T19:44:48: [chat/tools] search_place({"amenity":"cinema","city":"Nice"})→ok=true
2026-07-05T19:50:50: [product] AliExpress hit: 59 items for "cadeau cuisine asiatique femme"
2026-07-05T19:50:50: [chat/scrubbers] markdown/name/annonce scrubbed before_len=127 after_len=126
2026-07-05T19:50:50: [chat/tools] search_web({"query":"recette Salut Léa, je dois trouver un cadeau pour )→ok=true
2026-07-05T19:56:49: [overpass] OK mirror=https://lz4.overpass-api.de/api/interpreter ms=901 total=911ms elements=30
2026-07-05T19:56:49: [chat/scrubbers] markdown/name/annonce scrubbed before_len=34 after_len=9
2026-07-05T19:56:49: [chat/tools] search_place({"amenity":"restaurant","city":"Paris"})→ok=true
2026-07-05T20:02:48: [overpass] OK mirror=https://overpass-api.de/api/interpreter ms=589 total=593ms elements=30
2026-07-05T20:02:48: [chat/tools] search_place({"amenity":"hotel","city":"Barcelone"})→ok=true
2026-07-05T20:08:48: [overpass] OK mirror=https://lz4.overpass-api.de/api/interpreter ms=804 total=815ms elements=30
2026-07-05T20:08:48: [chat/scrubbers] markdown/name/annonce scrubbed before_len=33 after_len=9
2026-07-05T20:08:48: [chat/tools] search_place({"amenity":"restaurant","city":"Paris Bastille"})→ok=true
2026-07-05T20:14:49: [overpass] OK mirror=https://lz4.overpass-api.de/api/interpreter ms=1160 total=1167ms elements=30
2026-07-05T20:14:49: [chat/scrubbers] markdown/name/annonce scrubbed before_len=23 after_len=0
2026-07-05T20:14:49: [chat/tools] search_place({"amenity":"restaurant","city":"Paris Opéra"})→ok=true
2026-07-05T20:20:47: [chat/scrubbers] markdown/name/annonce scrubbed before_len=27 after_len=9
2026-07-05T20:20:47: [chat/tools] search_youtube({"query":"chat marrant vidéo humour"})→ok=true
2026-07-05T20:26:52: [overpass] OK mirror=https://overpass-api.de/api/interpreter ms=4390 total=4395ms elements=30
2026-07-05T20:26:52: [chat/scrubbers] markdown/name/annonce scrubbed before_len=33 after_len=9
2026-07-05T20:26:52: [chat/tools] search_place({"amenity":"restaurant","city":"Paris"})→ok=true
2026-07-05T20:32:48: [overpass] OK mirror=https://z.overpass-api.de/api/interpreter ms=1053 total=1063ms elements=30
2026-07-05T20:32:48: [chat/tools] search_place({"amenity":"restaurant","city":"Genève"})→ok=true
2026-07-05T20:38:49: [overpass] OK mirror=https://z.overpass-api.de/api/interpreter ms=517 total=539ms elements=30
2026-07-05T20:38:49: [chat/tools] search_place({"amenity":"restaurant","city":"Paris 13e"})→ok=true
2026-07-05T20:44:48: [overpass] OK mirror=https://overpass-api.de/api/interpreter ms=673 total=679ms elements=30
2026-07-05T20:44:48: [chat/tools] search_place({"amenity":"restaurant","city":"Paris 11e"})→ok=true
2026-07-05T20:50:47: [overpass] OK mirror=https://lz4.overpass-api.de/api/interpreter ms=629 total=648ms elements=30
2026-07-05T20:50:48: [chat/scrubbers] markdown/name/annonce scrubbed before_len=33 after_len=9
2026-07-05T20:50:48: [chat/tools] search_place({"amenity":"restaurant","city":"Bruxelles"})→ok=true
2026-07-05T20:56:48: [overpass] OK mirror=https://lz4.overpass-api.de/api/interpreter ms=832 total=839ms elements=30
2026-07-05T20:56:48: [chat/scrubbers] markdown/name/annonce scrubbed before_len=31 after_len=0
2026-07-05T20:56:48: [chat/tools] search_place({"amenity":"restaurant","city":"Paris 10e"})→ok=true
2026-07-05T21:02:48: [overpass] OK mirror=https://overpass-api.de/api/interpreter ms=337 total=345ms elements=30
2026-07-05T21:02:48: [chat/scrubbers] markdown/name/annonce scrubbed before_len=33 after_len=9
2026-07-05T21:02:48: [chat/tools] search_place({"amenity":"restaurant","city":"Montpellier"})→ok=true
2026-07-05T21:08:50: [overpass] OK mirror=https://z.overpass-api.de/api/interpreter ms=1217 total=1230ms elements=30
2026-07-05T21:08:50: [chat/scrubbers] markdown/name/annonce scrubbed before_len=57 after_len=28
2026-07-05T21:08:50: [chat/tools] search_place({"amenity":"hotel","city":"Paris"})→ok=true
2026-07-05T21:14:48: [overpass] OK mirror=https://overpass-api.de/api/interpreter ms=389 total=394ms elements=30
2026-07-05T21:14:48: [chat/scrubbers] markdown/name/annonce scrubbed before_len=33 after_len=9
2026-07-05T21:14:48: [chat/tools] search_place({"amenity":"restaurant","city":"Lyon 3e"})→ok=true
2026-07-05T21:20:47: [overpass] OK mirror=https://overpass-api.de/api/interpreter ms=694 total=700ms elements=30
2026-07-05T21:20:47: [chat/tools] search_place({"amenity":"restaurant","city":"Paris 13e"})→ok=true
2026-07-05T21:26:48: [overpass] OK mirror=https://overpass-api.de/api/interpreter ms=449 total=456ms elements=30
2026-07-05T21:26:48: [chat/tools] search_place({"amenity":"restaurant","city":"Lyon"})→ok=true
2026-07-05T21:32:49: [overpass] OK mirror=https://lz4.overpass-api.de/api/interpreter ms=740 total=752ms elements=30
2026-07-05T21:32:49: [chat/scrubbers] markdown/name/annonce scrubbed before_len=26 after_len=9
2026-07-05T21:32:49: [chat/tools] search_place({"amenity":"bar","city":"Paris 11e"})→ok=true
2026-07-05T21:38:49: [chat/tools] search_recipe({"query":"riz pilaf poulet oignons"})→ok=true
2026-07-05T21:44:48: [overpass] OK mirror=https://lz4.overpass-api.de/api/interpreter ms=512 total=526ms elements=30
2026-07-05T21:44:48: [chat/scrubbers] markdown/name/annonce scrubbed before_len=37 after_len=13
2026-07-05T21:44:48: [chat/tools] search_place({"amenity":"restaurant","city":"Paris 11e"})→ok=true
2026-07-05T21:50:47: [chat/scrubbers] markdown/name/annonce scrubbed before_len=33 after_len=9
2026-07-05T21:50:47: [chat/tools] search_recipe({"query":"gâteau au chocolat sans gluten rapide"})→ok=true
2026-07-05T21:56:47: [overpass] OK mirror=https://overpass-api.de/api/interpreter ms=494 total=501ms elements=30
2026-07-05T21:56:47: [chat/tools] search_place({"amenity":"restaurant","city":"Lyon 3e"})→ok=true
2026-07-05T22:02:48: [overpass] OK mirror=https://lz4.overpass-api.de/api/interpreter ms=449 total=459ms elements=30
2026-07-05T22:02:48: [chat/tools] search_place({"amenity":"restaurant","city":"Marseille"})→ok=true
2026-07-05T22:08:49: [overpass] OK mirror=https://overpass-api.de/api/interpreter ms=1015 total=1021ms elements=30
2026-07-05T22:08:49: [chat/scrubbers] markdown/name/annonce scrubbed before_len=33 after_len=9
2026-07-05T22:08:49: [chat/tools] search_place({"amenity":"restaurant","city":"Montmartre Paris"})→ok=true
2026-07-05T22:14:47: [chat/scrubbers] markdown/name/annonce scrubbed before_len=37 after_len=36
2026-07-05T22:14:47: [chat/tools] search_recipe({"query":"pâtes carbonara facile"})→ok=true
2026-07-05T22:20:48: [overpass] OK mirror=https://lz4.overpass-api.de/api/interpreter ms=972 total=984ms elements=30
2026-07-05T22:20:48: [chat/scrubbers] markdown/name/annonce scrubbed before_len=33 after_len=9
2026-07-05T22:20:48: [chat/tools] search_place({"amenity":"restaurant","city":"Paris"})→ok=true
2026-07-05T22:26:48: [overpass] OK mirror=https://overpass-api.de/api/interpreter ms=656 total=663ms elements=30
2026-07-05T22:26:48: [chat/scrubbers] markdown/name/annonce scrubbed before_len=33 after_len=9
2026-07-05T22:26:48: [chat/tools] search_place({"amenity":"restaurant","city":"Paris 11e"})→ok=true
2026-07-05T22:32:48: [chat/tools] search_recipe({"query":"pâtes carbonara facile pas cher"})→ok=true
2026-07-05T22:38:48: [overpass] OK mirror=https://overpass-api.de/api/interpreter ms=551 total=555ms elements=30
2026-07-05T22:38:48: [chat/scrubbers] markdown/name/annonce scrubbed before_len=33 after_len=9
2026-07-05T22:38:48: [chat/tools] search_place({"amenity":"restaurant","city":"Paris 11e"})→ok=true
2026-07-05T22:44:49: [overpass] OK mirror=https://z.overpass-api.de/api/interpreter ms=935 total=941ms elements=30
2026-07-05T22:44:49: [chat/scrubbers] markdown/name/annonce scrubbed before_len=75 after_len=42
2026-07-05T22:44:49: [chat/tools] search_place({"amenity":"restaurant","city":"Paris 10e"})→ok=true
2026-07-05T22:50:48: [overpass] OK mirror=https://lz4.overpass-api.de/api/interpreter ms=442 total=453ms elements=30
2026-07-05T22:50:48: [chat/tools] search_place({"amenity":"restaurant","city":"Bruxelles"})→ok=true
2026-07-05T22:56:47: [overpass] OK mirror=https://overpass-api.de/api/interpreter ms=654 total=657ms elements=30
2026-07-05T22:56:47: [chat/scrubbers] markdown/name/annonce scrubbed before_len=33 after_len=9
2026-07-05T22:56:47: [chat/tools] search_place({"amenity":"restaurant","city":"Paris 10e"})→ok=true
2026-07-05T23:02:46: [chat/tools] get_weather({"city":"Paris"})→ok=true
2026-07-05T23:08:47: [overpass] OK mirror=https://z.overpass-api.de/api/interpreter ms=677 total=690ms elements=30
2026-07-05T23:08:47: [chat/tools] search_place({"amenity":"restaurant","city":"Paris"})→ok=true
2026-07-05T23:14:47: [chat/tools] search_youtube({"query":"vidéo humour marrante 2024"})→ok=true
2026-07-05T23:20:50: [overpass] OK mirror=https://lz4.overpass-api.de/api/interpreter ms=565 total=574ms elements=30
2026-07-05T23:20:50: [chat/scrubbers] markdown/name/annonce scrubbed before_len=33 after_len=9
2026-07-05T23:20:50: [chat/tools] search_place({"amenity":"restaurant","city":"Lyon"})→ok=true
2026-07-05T23:26:47: [chat/tools] get_weather({"city":"Tokyo"})→ok=true
2026-07-05T23:32:48: [chat/tools] search_recipe({"query":"pancakes simple oeuf farine lait"})→ok=true
2026-07-05T23:38:53: [chat/tools] search_web({"query":"site:booking.com hôtel Bangkok"})→ok=true
2026-07-05T23:44:48: [overpass] OK mirror=https://z.overpass-api.de/api/interpreter ms=600 total=610ms elements=30
2026-07-05T23:44:48: [chat/scrubbers] markdown/name/annonce scrubbed before_len=34 after_len=33
2026-07-05T23:44:48: [chat/tools] search_place({"amenity":"restaurant","city":"Paris"})→ok=true
2026-07-05T23:50:48: [chat/tools] search_recipe({"query":"poulet curry crème fraîche"})→ok=true
2026-07-05T23:56:51: [chat/scrubbers] markdown/name/annonce scrubbed before_len=605 after_len=567
2026-07-06T00:02:48: [overpass] OK mirror=https://overpass-api.de/api/interpreter ms=576 total=582ms elements=30
2026-07-06T00:02:48: [chat/scrubbers] markdown/name/annonce scrubbed before_len=17 after_len=0
2026-07-06T00:02:48: [chat/tools] search_place({"amenity":"restaurant","city":"Paris Bastille"})→ok=true
2026-07-06T00:08:47: [chat/tools] search_recipe({"query":"pancakes rapide facile"})→ok=true
2026-07-06T00:14:49: [chat/scrubbers] markdown/name/annonce scrubbed before_len=272 after_len=271
2026-07-06T00:20:48: [overpass] OK mirror=https://z.overpass-api.de/api/interpreter ms=1056 total=1082ms elements=30
2026-07-06T00:20:48: [chat/tools] search_place({"amenity":"hotel","city":"Barcelone"})→ok=true
2026-07-06T00:26:48: [overpass] OK mirror=https://z.overpass-api.de/api/interpreter ms=540 total=551ms elements=30
2026-07-06T00:26:48: [chat/tools] search_place({"amenity":"restaurant","city":"Paris 11e"})→ok=true
2026-07-06T00:32:50: [overpass] OK mirror=https://z.overpass-api.de/api/interpreter ms=3605 total=3616ms elements=30
2026-07-06T00:32:50: [chat/tools] search_place({"amenity":"restaurant","city":"Paris"})→ok=true
2026-07-06T00:38:46: [chat/tools] get_weather({"city":"Paris"})→ok=true
2026-07-06T00:44:47: [chat/tools] get_weather({"city":"New York"})→ok=true
2026-07-06T00:50:54: [chat/scrubbers] markdown/name/annonce scrubbed before_len=399 after_len=398
2026-07-06T00:50:54: [chat/scrubber] forbidden phrases removed before_len=398 after_len=139
2026-07-06T00:50:54: [chat/tools] search_place({"amenity":"bar","city":"Paris"})→ok=true
2026-07-06T00:56:47: [chat/tools] search_recipe({"query":"poulet crème fraîche"})→ok=true
2026-07-06T01:02:47: [overpass] OK mirror=https://z.overpass-api.de/api/interpreter ms=628 total=631ms elements=30
2026-07-06T01:02:47: [chat/scrubbers] markdown/name/annonce scrubbed before_len=33 after_len=9
2026-07-06T01:02:47: [chat/tools] search_place({"amenity":"restaurant","city":"Paris"})→ok=true
2026-07-06T01:08:47: [chat/tools] search_place({"amenity":"restaurant","city":"Paris"})→ok=true
2026-07-06T01:14:48: [overpass] OK mirror=https://z.overpass-api.de/api/interpreter ms=1262 total=1267ms elements=30
2026-07-06T01:14:48: [chat/tools] search_place({"amenity":"restaurant","city":"Paris Bastille"})→ok=true
2026-07-06T01:20:48: [overpass] OK mirror=https://lz4.overpass-api.de/api/interpreter ms=700 total=706ms elements=30
2026-07-06T01:20:48: [overpass] OK mirror=https://overpass-api.de/api/interpreter ms=679 total=685ms elements=30
2026-07-06T01:20:48: [chat/scrubbers] markdown/name/annonce scrubbed before_len=37 after_len=13
2026-07-06T01:20:48: [chat/tools] search_place({"amenity":"fast_food","city":"Paris"})→ok=true | search_place({"amenity":"restaurant","city":"Paris"})→ok=true
2026-07-06T01:26:48: [overpass] OK mirror=https://lz4.overpass-api.de/api/interpreter ms=898 total=904ms elements=30
2026-07-06T01:26:48: [chat/tools] search_place({"amenity":"hotel","city":"Barcelone"})→ok=true
2026-07-06T01:32:46: [chat/scrubbers] markdown/name/annonce scrubbed before_len=168 after_len=165
2026-07-06T01:38:47: [chat/tools] search_youtube({"query":"chats marrants compilations"})→ok=true
2026-07-06T01:44:47: [chat/tools] search_recipe({"query":"pâtes carbonara rapide"})→ok=true
2026-07-06T01:50:51: [chat/scrubbers] markdown/name/annonce scrubbed before_len=792 after_len=753
2026-07-06T01:56:48: [overpass] OK mirror=https://lz4.overpass-api.de/api/interpreter ms=751 total=756ms elements=30
2026-07-06T01:56:48: [chat/tools] search_place({"amenity":"restaurant","city":"Paris"})→ok=true
2026-07-06T02:02:46: [chat/scrubbers] markdown/name/annonce scrubbed before_len=140 after_len=105
2026-07-06T02:02:46: [chat/tools] get_weather({"city":"Paris"})→ok=true
2026-07-06T02:08:47: [chat/tools] get_weather({"city":"Lyon"})→ok=true
2026-07-06T02:14:47: [chat/tools] search_recipe({"query":"pâtes rapide 20 minutes"})→ok=true
2026-07-06T02:20:47: [chat/tools] search_recipe({"query":"pâtes carbonara facile"})→ok=true
2026-07-06T02:26:47: [overpass] OK mirror=https://z.overpass-api.de/api/interpreter ms=288 total=291ms elements=7
2026-07-06T02:26:47: [chat/scrubbers] markdown/name/annonce scrubbed before_len=27 after_len=9
2026-07-06T02:26:47: [chat/tools] search_place({"amenity":"restaurant","city":"Paris 11"})→ok=true
2026-07-06T02:32:48: [chat/scrubbers] markdown/name/annonce scrubbed before_len=291 after_len=290
2026-07-06T02:32:48: [chat/scrubber] forbidden phrases removed before_len=290 after_len=225
2026-07-06T02:38:52: [chat/scrubbers] markdown/name/annonce scrubbed before_len=33 after_len=9
2026-07-06T02:38:52: [chat/tools] search_web({"query":"site:thefork.fr Toulouse"})→ok=true
2026-07-06T02:44:46: [chat/scrubbers] markdown/name/annonce scrubbed before_len=49 after_len=48
2026-07-06T02:44:46: [chat/tools] search_place({"amenity":"restaurant"})→ok=true
2026-07-06T02:50:48: [overpass] OK mirror=https://z.overpass-api.de/api/interpreter ms=691 total=695ms elements=30
2026-07-06T02:50:48: [chat/scrubbers] markdown/name/annonce scrubbed before_len=33 after_len=9
2026-07-06T02:50:48: [chat/tools] search_place({"amenity":"restaurant","city":"Paris"})→ok=true
2026-07-06T02:56:47: [chat/scrubbers] markdown/name/annonce scrubbed before_len=67 after_len=66
2026-07-06T02:56:47: [chat/tools] search_recipe({"query":"pâtes tomates oignons basilic rapide"})→ok=true
2026-07-06T03:02:47: [chat/tools] search_youtube({"query":"film d'horreur complet français 2024"})→ok=true
2026-07-06T03:08:47: [overpass] OK mirror=https://overpass-api.de/api/interpreter ms=533 total=539ms elements=30
2026-07-06T03:08:47: [chat/tools] search_place({"amenity":"hotel","city":"Nice"})→ok=true
2026-07-06T03:14:49: [overpass] OK mirror=https://overpass-api.de/api/interpreter ms=2414 total=2422ms elements=30
2026-07-06T03:14:49: [chat/scrubbers] markdown/name/annonce scrubbed before_len=28 after_len=4
2026-07-06T03:14:49: [chat/tools] search_place({"amenity":"restaurant","city":"Paris Montparnasse"})→ok=true
2026-07-06T03:20:53: [chat/tools] search_web({"query":"site:thefork.fr Paris 10e"})→ok=true
2026-07-06T03:26:48: [overpass] OK mirror=https://z.overpass-api.de/api/interpreter ms=626 total=636ms elements=30
2026-07-06T03:26:48: [chat/tools] search_place({"amenity":"restaurant","city":"Paris"})→ok=true
2026-07-06T03:32:46: [chat/tools] search_place({"amenity":"restaurant","city":"Paris"})→ok=true
2026-07-06T03:38:47: [overpass] OK mirror=https://z.overpass-api.de/api/interpreter ms=491 total=503ms elements=30
2026-07-06T03:38:48: [chat/scrubbers] markdown/name/annonce scrubbed before_len=144 after_len=142
2026-07-06T03:38:48: [chat/tools] search_place({"amenity":"bar","city":"Paris"})→ok=true
2026-07-06T03:44:48: [overpass] OK mirror=https://z.overpass-api.de/api/interpreter ms=815 total=825ms elements=30
2026-07-06T03:44:48: [chat/scrubbers] markdown/name/annonce scrubbed before_len=44 after_len=43
2026-07-06T03:44:48: [chat/tools] search_place({"amenity":"restaurant","city":"Paris"})→ok=true
2026-07-06T03:50:47: [overpass] OK mirror=https://z.overpass-api.de/api/interpreter ms=400 total=418ms elements=30
2026-07-06T03:50:47: [chat/tools] search_place({"amenity":"restaurant","city":"Montpellier"})→ok=true
2026-07-06T03:56:47: [chat/tools] search_youtube({"query":"meilleurs films d'horreur 2024 2025 recommandation)→ok=true
2026-07-06T04:02:48: [overpass] OK mirror=https://lz4.overpass-api.de/api/interpreter ms=783 total=787ms elements=30
2026-07-06T04:02:48: [chat/scrubbers] markdown/name/annonce scrubbed before_len=17 after_len=0
2026-07-06T04:02:48: [chat/tools] search_place({"amenity":"restaurant","city":"Paris"})→ok=true
2026-07-06T04:08:47: [chat/tools] search_recipe({"query":"tarte aux pommes simple"})→ok=true
2026-07-06T04:14:48: [overpass] OK mirror=https://overpass-api.de/api/interpreter ms=581 total=589ms elements=30
2026-07-06T04:14:48: [chat/tools] search_place({"amenity":"restaurant","city":"Paris 11e"})→ok=true
2026-07-06T04:20:48: [overpass] OK mirror=https://z.overpass-api.de/api/interpreter ms=891 total=896ms elements=30
2026-07-06T04:20:48: [chat/scrubbers] markdown/name/annonce scrubbed before_len=23 after_len=0
2026-07-06T04:20:48: [chat/tools] search_place({"amenity":"restaurant","city":"Paris Bastille"})→ok=true
2026-07-06T04:26:47: [chat/tools] search_place({"amenity":"restaurant","city":"Paris Bastille"})→ok=true
2026-07-06T04:38:49: [overpass] OK mirror=https://overpass-api.de/api/interpreter ms=447 total=451ms elements=30
2026-07-06T04:38:49: [chat/tools] search_place({"amenity":"restaurant","city":"Strasbourg centre"})→ok=true
2026-07-06T04:44:48: [chat/tools] search_recipe({"query":"recette rapide pas cher"})→ok=true
2026-07-06T04:50:53: [chat/scrubbers] markdown/name/annonce scrubbed before_len=60 after_len=59
2026-07-06T04:50:53: [chat/tools] search_web({"query":"site:thefork.fr Lyon 6e"})→ok=true
2026-07-06T04:56:51: [overpass] OK mirror=https://overpass-api.de/api/interpreter ms=3719 total=3726ms elements=30
2026-07-06T04:56:51: [chat/scrubbers] markdown/name/annonce scrubbed before_len=31 after_len=0
2026-07-06T04:56:51: [chat/tools] search_place({"amenity":"restaurant","city":"Paris 11e"})→ok=true
2026-07-06T05:02:50: [overpass] OK mirror=https://lz4.overpass-api.de/api/interpreter ms=2408 total=2416ms elements=30
2026-07-06T05:02:50: [chat/scrubbers] markdown/name/annonce scrubbed before_len=38 after_len=37
2026-07-06T05:02:50: [chat/tools] search_place({"amenity":"restaurant","city":"Paris Bastille"})→ok=true
2026-07-06T05:08:52: [overpass] OK mirror=https://z.overpass-api.de/api/interpreter ms=4930 total=4938ms elements=30
2026-07-06T05:08:52: [chat/scrubbers] markdown/name/annonce scrubbed before_len=27 after_len=9
2026-07-06T05:08:52: [chat/tools] search_place({"amenity":"restaurant","city":"Paris"})→ok=true
2026-07-06T05:14:47: [overpass] OK mirror=https://lz4.overpass-api.de/api/interpreter ms=625 total=634ms elements=30
2026-07-06T05:14:47: [chat/tools] search_place({"amenity":"restaurant","city":"Paris Bastille"})→ok=true
2026-07-06T05:20:48: [overpass] OK mirror=https://lz4.overpass-api.de/api/interpreter ms=1539 total=1547ms elements=30
2026-07-06T05:20:48: [chat/scrubbers] markdown/name/annonce scrubbed before_len=33 after_len=9
2026-07-06T05:20:48: [chat/tools] search_place({"amenity":"restaurant","city":"Paris"})→ok=true
2026-07-06T05:26:47: [chat/tools] search_recipe({"query":"pâtes rapide pas cher"})→ok=true
2026-07-06T05:32:47: [overpass] OK mirror=https://overpass-api.de/api/interpreter ms=581 total=586ms elements=30
2026-07-06T05:32:47: [chat/scrubbers] markdown/name/annonce scrubbed before_len=21 after_len=4
2026-07-06T05:32:47: [chat/tools] search_place({"amenity":"restaurant","city":"Paris 11e"})→ok=true
2026-07-06T05:38:48: [overpass] OK mirror=https://lz4.overpass-api.de/api/interpreter ms=355 total=366ms elements=30
2026-07-06T05:38:48: [chat/tools] search_place({"amenity":"restaurant","city":"Montpellier"})→ok=true
2026-07-06T05:44:48: [chat/scrubbers] markdown/name/annonce scrubbed before_len=514 after_len=477
2026-07-06T05:50:48: [overpass] OK mirror=https://lz4.overpass-api.de/api/interpreter ms=584 total=595ms elements=30
2026-07-06T05:50:48: [chat/scrubbers] markdown/name/annonce scrubbed before_len=28 after_len=4
2026-07-06T05:50:48: [chat/tools] search_place({"amenity":"restaurant","city":"Paris Bastille"})→ok=true
2026-07-06T05:56:48: [overpass] OK mirror=https://lz4.overpass-api.de/api/interpreter ms=921 total=927ms elements=30
2026-07-06T05:56:48: [chat/scrubbers] markdown/name/annonce scrubbed before_len=33 after_len=9
2026-07-06T05:56:48: [chat/tools] search_place({"amenity":"restaurant","city":"Paris"})→ok=true
2026-07-06T06:02:53: [chat/scrubbers] markdown/name/annonce scrubbed before_len=63 after_len=62
2026-07-06T06:02:53: [chat/tools] search_web({"query":"site:booking.com hôtel Barcelone"})→ok=true
2026-07-06T06:08:48: [chat/tools] search_youtube({"query":"film d'horreur court YouTube"})→ok=true
2026-07-06T06:14:48: [overpass] OK mirror=https://overpass-api.de/api/interpreter ms=470 total=479ms elements=30
2026-07-06T06:14:48: [chat/scrubbers] markdown/name/annonce scrubbed before_len=33 after_len=9
2026-07-06T06:14:48: [chat/tools] search_place({"amenity":"restaurant","city":"Paris Opéra"})→ok=true
2026-07-06T06:20:49: [chat/scrubbers] markdown/name/annonce scrubbed before_len=63 after_len=62
2026-07-06T06:20:49: [chat/tools] search_web({"query":"site:thefork.fr Léa j’ai trop faim et pas d’inspi,)→ok=true
2026-07-06T06:26:47: [overpass] OK mirror=https://lz4.overpass-api.de/api/interpreter ms=698 total=701ms elements=30
2026-07-06T06:26:47: [chat/tools] search_place({"amenity":"restaurant","city":"Paris 11e"})→ok=true
2026-07-06T06:32:47: [overpass] OK mirror=https://z.overpass-api.de/api/interpreter ms=370 total=375ms elements=30
2026-07-06T06:32:47: [chat/scrubbers] markdown/name/annonce scrubbed before_len=33 after_len=9
2026-07-06T06:32:47: [chat/tools] search_place({"amenity":"restaurant","city":"Lyon"})→ok=true
2026-07-06T06:38:54: [chat/tools] search_web({"query":"site:thefork.fr Paris"})→ok=true
2026-07-06T06:44:47: [chat/tools] get_weather({"city":"Tokyo"})→ok=true
2026-07-06T06:50:48: [overpass] OK mirror=https://z.overpass-api.de/api/interpreter ms=541 total=578ms elements=30
2026-07-06T06:50:48: [chat/tools] search_place({"amenity":"restaurant","city":"Paris"})→ok=true
2026-07-06T06:56:51: [overpass] OK mirror=https://lz4.overpass-api.de/api/interpreter ms=1123 total=1141ms elements=30
2026-07-06T06:56:51: [chat/scrubbers] markdown/name/annonce scrubbed before_len=37 after_len=13
2026-07-06T06:56:51: [chat/tools] search_place({"amenity":"hotel","city":"Barcelone"})→ok=true
2026-07-06T07:02:48: [overpass] OK mirror=https://overpass-api.de/api/interpreter ms=755 total=761ms elements=30
2026-07-06T07:02:48: [chat/scrubbers] markdown/name/annonce scrubbed before_len=26 after_len=9
2026-07-06T07:02:48: [chat/tools] search_place({"amenity":"bar","city":"Paris"})→ok=true
2026-07-06T07:08:50: [overpass] OK mirror=https://lz4.overpass-api.de/api/interpreter ms=2285 total=2287ms elements=30
2026-07-06T07:08:50: [chat/scrubbers] markdown/name/annonce scrubbed before_len=37 after_len=13
2026-07-06T07:08:50: [chat/tools] search_place({"amenity":"restaurant","city":"Paris"})→ok=true
2026-07-06T07:14:47: [chat/tools] search_youtube({"query":"chat danse reggaeton"})→ok=true
2026-07-06T07:20:49: [chat/tools] search_recipe({"query":"pancakes fluffy"})→ok=true
2026-07-06T07:26:53: [chat/scrubbers] markdown/name/annonce scrubbed before_len=59 after_len=58
2026-07-06T07:26:53: [chat/tools] search_place({"amenity":"restaurant","city":"Lyon Part-Dieu"})→ok=true
2026-07-06T07:32:50: [overpass] OK mirror=https://z.overpass-api.de/api/interpreter ms=1213 total=1222ms elements=30
2026-07-06T07:32:50: [chat/tools] search_place({"amenity":"restaurant","city":"Paris 10e"})→ok=true
2026-07-06T07:38:48: [chat/tools] get_weather({"city":"New York"})→ok=true
2026-07-06T07:44:48: [overpass] OK mirror=https://z.overpass-api.de/api/interpreter ms=629 total=643ms elements=30
2026-07-06T07:44:48: [chat/scrubbers] markdown/name/annonce scrubbed before_len=33 after_len=9
2026-07-06T07:44:48: [chat/tools] search_place({"amenity":"restaurant","city":"Montmartre Paris"})→ok=true
2026-07-06T07:50:48: [chat/scrubbers] markdown/name/annonce scrubbed before_len=37 after_len=13
2026-07-06T07:50:48: [chat/tools] search_recipe({"query":"pâtes fromage rapide"})→ok=true
2026-07-06T07:56:50: [chat/scrubbers] markdown/name/annonce scrubbed before_len=555 after_len=514
2026-07-06T08:02:48: [overpass] OK mirror=https://lz4.overpass-api.de/api/interpreter ms=469 total=477ms elements=30
2026-07-06T08:02:48: [chat/tools] search_place({"amenity":"restaurant","city":"Montpellier"})→ok=true
2026-07-06T08:08:50: [chat/scrubbers] markdown/name/annonce scrubbed before_len=436 after_len=435
2026-07-06T08:14:48: [overpass] OK mirror=https://z.overpass-api.de/api/interpreter ms=773 total=785ms elements=30
2026-07-06T08:14:48: [chat/tools] search_place({"amenity":"restaurant","city":"Paris"})→ok=true
2026-07-06T08:20:48: [chat/scrubbers] markdown/name/annonce scrubbed before_len=47 after_len=46
2026-07-06T08:26:48: [overpass] OK mirror=https://overpass-api.de/api/interpreter ms=1287 total=1296ms elements=30
2026-07-06T08:26:48: [chat/scrubbers] markdown/name/annonce scrubbed before_len=33 after_len=9
2026-07-06T08:26:49: [chat/tools] search_place({"amenity":"restaurant","city":"Paris Bastille"})→ok=true
2026-07-06T08:32:54: [chat/tools] search_web({"query":"site:booking.com hôtel Barcelone"})→ok=true
2026-07-06T08:38:48: [chat/scrubbers] markdown/name/annonce scrubbed before_len=77 after_len=75
2026-07-06T08:44:48: [overpass] OK mirror=https://overpass-api.de/api/interpreter ms=513 total=524ms elements=30
2026-07-06T08:44:48: [chat/tools] search_place({"amenity":"restaurant","city":"Montpellier"})→ok=true
2026-07-06T08:50:48: [overpass] OK mirror=https://z.overpass-api.de/api/interpreter ms=854 total=872ms elements=30
2026-07-06T08:50:48: [chat/scrubbers] markdown/name/annonce scrubbed before_len=23 after_len=0
2026-07-06T08:50:48: [chat/tools] search_place({"amenity":"restaurant","city":"Paris 12e"})→ok=true
2026-07-06T08:56:47: [chat/tools] search_recipe({"query":"pâtes rapide facile"})→ok=true
2026-07-06T09:02:56: [chat/scrubbers] markdown/name/annonce scrubbed before_len=530 after_len=518
2026-07-06T09:02:56: [chat/tools] search_place({"amenity":"bar","city":"Paris"})→ok=true
2026-07-06T09:08:54: [chat/tools] search_web({"query":"site:thefork.fr Grenoble"})→ok=true
2026-07-06T09:14:48: [overpass] OK mirror=https://overpass-api.de/api/interpreter ms=520 total=526ms elements=30
2026-07-06T09:14:48: [chat/tools] search_place({"amenity":"restaurant","city":"Paris 11e"})→ok=true
2026-07-06T09:20:49: [chat/scrubbers] markdown/name/annonce scrubbed before_len=328 after_len=317
2026-07-06T09:26:48: [chat/scrubbers] markdown/name/annonce scrubbed before_len=239 after_len=232
2026-07-06T09:32:50: [overpass] OK mirror=https://overpass-api.de/api/interpreter ms=1286 total=1291ms elements=30
2026-07-06T09:32:50: [chat/tools] search_place({"amenity":"hotel","city":"Paris"})→ok=true
2026-07-06T09:38:49: [overpass] OK mirror=https://z.overpass-api.de/api/interpreter ms=1534 total=1544ms elements=30
2026-07-06T09:38:49: [chat/scrubbers] markdown/name/annonce scrubbed before_len=34 after_len=9
2026-07-06T09:38:49: [chat/tools] search_place({"amenity":"restaurant","city":"Paris 10e"})→ok=true
2026-07-06T09:44:48: [overpass] OK mirror=https://z.overpass-api.de/api/interpreter ms=750 total=763ms elements=30
2026-07-06T09:44:48: [chat/scrubbers] markdown/name/annonce scrubbed before_len=33 after_len=9
2026-07-06T09:44:48: [chat/tools] search_place({"amenity":"restaurant","city":"Paris"})→ok=true
2026-07-06T09:50:53: [chat/scrubbers] markdown/name/annonce scrubbed before_len=23 after_len=0
2026-07-06T09:50:53: [chat/tools] search_web({"query":"site:thefork.fr Paris 5e"})→ok=true
2026-07-06T09:56:53: [chat/scrubbers] markdown/name/annonce scrubbed before_len=33 after_len=9
2026-07-06T09:56:53: [chat/tools] search_place({"amenity":"restaurant","city":"Paris 11e"})→ok=true
